now_time,trils,duration,left_shoulder,right_shoulder,left_knee,right_neck,0_Nose,,,1_Neck,,,2_RShoulder,,,3_RElbow,,,4_RWrist,,,5_LShoulder,,,6_LElbow,,,7_LWrist,,,8_MidHip,9_RHip,,,10_RKnee,,,11_RAnkle,,,12_LHip,,,13_LKnee,,,14_LAnkle,,,15_REye,,,16_LEye,,,17_REar,18_LEar,,,19_LBigToe,,,20_LSmallToe,,,21_LHeel,,,22_RBigToe,,,23_RSmallToe,,,24_RHeel,,,25_Background,,,26_A_Lneck,27_A_Lshoulder,28_A_Lelbow,29_A_Lhip,30_A_Lknee,31_A_Rneck,32_A_Rshoulder,33_A_Relbow,34_A_Rhip,35_A_Rknee,36_A_middle_left_neck
2023:03:01:20:18:28,down_150_1t_,0.6323485374450684,141.31312770158954,128.15240314895993,-1,-1,0.5423199,0.1896519,0.9207719,0.5463753,0.4460902,0.82715344,0.36185536,0.47744894,0.76909614,0.17743899,0.7864571,0.12432782,0.2480896,0.68691605,0.40622306,0.72676027,0.430355,0.7217411,0.8720464,0.5769271,0.62238425,0.99382883,0.60847783,0.13941361,0.0,0.0,0.0,0.0,0.0,0.0,0.0,0.0,0.0,0.0,0.0,0.0,0.0,0.0,0.0,0.0,0.0,0.0,0.0,0.0,0.0,0.4953448,0.147756,0.8886849,0.57383245,0.15283369,0.8842999,0.44032854,0.2103742,0.82133555,0.6051451,0.1894906,0.45101386,0.0,0.0,0.0,0.0,0.0,0.0,0.0,0.0,0.0,0.0,0.0,0.0,0.0,0.0,0.0,0.0,0.0,0.0
2023:03:01:20:18:28,down_150_1t_,0.7141351699829102,141.3165519094451,128.15808065369524,-1,-1,0.5423254,0.18964463,0.92362577,0.54638666,0.44615102,0.82383126,0.36186814,0.47748408,0.7684072,0.17736404,0.7864069,0.13670316,0.24802959,0.68696874,0.40304887,0.7267586,0.43041718,0.72432864,0.8721233,0.57701546,0.6217976,0.99382883,0.6085185,0.14018717,0.0,0.0,0.0,0.0,0.0,0.0,0.0,0.0,0.0,0.0,0.0,0.0,0.0,0.0,0.0,0.0,0.0,0.0,0.0,0.0,0.0,0.49535722,0.14775711,0.8914017,0.573822,0.15282464,0.88636523,0.44031778,0.21039253,0.82157815,0.6051256,0.18946695,0.447877,0.0,0.0,0.0,0.0,0.0,0.0,0.0,0.0,0.0,0.0,0.0,0.0,0.0,0.0,0.0,0.0,0.0,0.0
2023:03:01:20:18:29,down_150_1t_,0.7719841003417969,143.96450921377024,128.11756497717369,-1,-1,0.5228222,0.18975116,0.90660375,0.5462936,0.44615322,0.82692724,0.3618094,0.477415,0.76398635,0.17350596,0.78639466,0.12148714,0.24803698,0.68695885,0.37311006,0.7229307,0.43544132,0.71936166,0.8759869,0.57702243,0.61138546,0.9938275,0.60845476,0.13610326,0.0,0.0,0.0,0.0,0.0,0.0,0.0,0.0,0.0,0.0,0.0,0.0,0.0,0.0,0.0,0.0,0.0,0.0,0.0,0.0,0.0,0.4875089,0.15283197,0.90510654,0.5542988,0.15282173,0.8731384,0.43256307,0.2156441,0.83613384,0.6012413,0.20517017,0.7956323,0.0,0.0,0.0,0.0,0.0,0.0,0.0,0.0,0.0,0.0,0.0,0.0,0.0,0.0,0.0,0.0,0.0,0.0
2023:03:01:20:18:29,down_150_1t_,0.8318274021148682,143.9815353835195,128.335563576215,-1,-1,0.51884496,0.189747,0.9456199,0.5462032,0.44610658,0.83213603,0.36178958,0.4773617,0.7695383,0.17349665,0.7863469,0.13702142,0.24418026,0.69203484,0.3784065,0.7228608,0.4354171,0.71905625,0.8720467,0.5768943,0.61957115,0.9938283,0.6084132,0.14066577,0.0,0.0,0.0,0.0,0.0,0.0,0.0,0.0,0.0,0.0,0.0,0.0,0.0,0.0,0.0,0.0,0.0,0.0,0.0,0.0,0.0,0.4873022,0.15283743,0.9203605,0.55039394,0.15286432,0.90058327,0.4325561,0.21049833,0.83368665,0.6012405,0.20532273,0.81635386,0.0,0.0,0.0,0.0,0.0,0.0,0.0,0.0,0.0,0.0,0.0,0.0,0.0,0.0,0.0,0.0,0.0,0.0
2023:03:01:20:18:29,down_150_1t_,0.897655725479126,143.98778049423507,128.32453399053048,-1,-1,0.5187128,0.18978558,0.94476706,0.54616433,0.44607773,0.8288421,0.36175793,0.4773412,0.76893544,0.17352204,0.78635925,0.13855821,0.24416755,0.69210356,0.38280356,0.7228632,0.4354205,0.71573013,0.87598276,0.5769899,0.6141999,0.99382865,0.60844857,0.13858922,0.0,0.0,0.0,0.0,0.0,0.0,0.0,0.0,0.0,0.0,0.0,0.0,0.0,0.0,0.0,0.0,0.0,0.0,0.0,0.0,0.0,0.48357797,0.15299828,0.910194,0.5502408,0.15287367,0.91352576,0.43255162,0.21559644,0.8383376,0.6012604,0.21042648,0.81834996,0.0,0.0,0.0,0.0,0.0,0.0,0.0,0.0,0.0,0.0,0.0,0.0,0.0,0.0,0.0,0.0,0.0,0.0
2023:03:01:20:18:29,down_150_1t_,0.9555096626281738,143.9706730227534,128.89413072573433,-1,-1,0.5150459,0.18977301,0.9437106,0.54615074,0.44609934,0.829951,0.36172122,0.47734472,0.7731117,0.1734795,0.78642946,0.14281298,0.24418768,0.68697053,0.38325822,0.72288436,0.43541273,0.7188696,0.87989855,0.582119,0.61211663,0.99382883,0.6084826,0.13055752,0.0,0.0,0.0,0.0,0.0,0.0,0.0,0.0,0.0,0.0,0.0,0.0,0.0,0.0,0.0,0.0,0.0,0.0,0.0,0.0,0.0,0.48348173,0.15300293,0.9097266,0.5501563,0.15287273,0.9223488,0.43251187,0.2155768,0.8403596,0.60128385,0.21038742,0.8219157,0.0,0.0,0.0,0.0,0.0,0.0,0.0,0.0,0.0,0.0,0.0,0.0,0.0,0.0,0.0,0.0,0.0,0.0
2023:03:01:20:18:29,down_150_1t_,1.0153534412384033,143.97368012893452,128.3096073944781,-1,-1,0.5150488,0.18979648,0.9401431,0.5461432,0.4461285,0.82655376,0.36172512,0.47734576,0.7739307,0.17349151,0.7864109,0.13696064,0.24412443,0.6921303,0.37367475,0.7228838,0.43543115,0.71989703,0.8760117,0.57697314,0.61747617,0.99382836,0.6084589,0.13841423,0.0,0.0,0.0,0.0,0.0,0.0,0.0,0.0,0.0,0.0,0.0,0.0,0.0,0.0,0.0,0.0,0.0,0.0,0.0,0.0,0.0,0.48347685,0.15303974,0.903506,0.55015635,0.1528676,0.9227447,0.43251556,0.21562716,0.84321165,0.6012855,0.21040913,0.8233444,0.0,0.0,0.0,0.0,0.0,0.0,0.0,0.0,0.0,0.0,0.0,0.0,0.0,0.0,0.0,0.0,0.0,0.0
2023:03:01:20:18:29,down_150_1t_,1.0752272605895996,143.94746890881834,128.326952869655,-1,-1,0.5150394,0.18975943,0.9421839,0.5461527,0.44612166,0.8259105,0.3617231,0.47734883,0.77083087,0.1735043,0.78638285,0.13961685,0.24409486,0.6920507,0.3915675,0.72286093,0.43539733,0.71251637,0.8799375,0.58224577,0.60290605,0.9938336,0.60855526,0.1026816,0.0,0.0,0.0,0.0,0.0,0.0,0.0,0.0,0.0,0.0,0.0,0.0,0.0,0.0,0.0,0.0,0.0,0.0,0.0,0.0,0.0,0.48346937,0.15296276,0.91134197,0.5501508,0.1528179,0.9250183,0.43246722,0.21559255,0.84351504,0.6012458,0.2103868,0.8164616,0.0,0.0,0.0,0.0,0.0,0.0,0.0,0.0,0.0,0.0,0.0,0.0,0.0,0.0,0.0,0.0,0.0,0.0
2023:03:01:20:18:29,down_150_1t_,1.1390650272369385,143.95433816004547,128.31193130718538,-1,-1,0.51868814,0.18971948,0.9414858,0.5461683,0.4460971,0.8296004,0.3617237,0.47733074,0.7673695,0.17741378,0.7812326,0.12602223,0.244099,0.6921703,0.3701049,0.72287524,0.43538445,0.7156794,0.8798759,0.58212185,0.6134898,0.9938334,0.60851234,0.117889576,0.0,0.0,0.0,0.0,0.0,0.0,0.0,0.0,0.0,0.0,0.0,0.0,0.0,0.0,0.0,0.0,0.0,0.0,0.0,0.0,0.0,0.48360634,0.15282334,0.9289012,0.5502332,0.14794438,0.9302114,0.43250415,0.21558163,0.83814657,0.60122156,0.21037754,0.81374544,0.0,0.0,0.0,0.0,0.0,0.0,0.0,0.0,0.0,0.0,0.0,0.0,0.0,0.0,0.0,0.0,0.0,0.0
2023:03:01:20:18:29,down_150_1t_,1.1988732814788818,143.9894401124766,128.31103465775124,-1,-1,0.5187667,0.18959084,0.95413816,0.5462059,0.44614804,0.83168125,0.36174694,0.47732726,0.7714203,0.17351319,0.7812111,0.13549525,0.2441174,0.69203097,0.381247,0.72288746,0.4354837,0.72287804,0.87596387,0.5770904,0.6068413,0.9938359,0.6084723,0.11503648,0.0,0.0,0.0,0.0,0.0,0.0,0.0,0.0,0.0,0.0,0.0,0.0,0.0,0.0,0.0,0.0,0.0,0.0,0.0,0.0,0.0,0.48367625,0.14790308,0.936042,0.55034345,0.14789914,0.92652345,0.43253538,0.21565342,0.84116924,0.60124296,0.2104767,0.82068735,0.0,0.0,0.0,0.0,0.0,0.0,0.0,0.0,0.0,0.0,0.0,0.0,0.0,0.0,0.0,0.0,0.0,0.0
2023:03:01:20:18:29,down_150_1t_,1.2567226886749268,143.95714565601867,128.32098501769855,-1,-1,0.51904595,0.18962498,0.9315788,0.54619294,0.4460998,0.8302803,0.36173597,0.47734502,0.76984876,0.17744328,0.78119546,0.13769922,0.2441407,0.69207585,0.37114704,0.72290903,0.43537995,0.7165342,0.87594473,0.576904,0.61309105,0.99383515,0.6084544,0.11957112,0.0,0.0,0.0,0.0,0.0,0.0,0.0,0.0,0.0,0.0,0.0,0.0,0.0,0.0,0.0,0.0,0.0,0.0,0.0,0.0,0.0,0.48738635,0.14793493,0.9354642,0.55415004,0.14786695,0.90645707,0.43248576,0.21567814,0.84583676,0.6012161,0.20007649,0.8074679,0.0,0.0,0.0,0.0,0.0,0.0,0.0,0.0,0.0,0.0,0.0,0.0,0.0,0.0,0.0,0.0,0.0,0.0
2023:03:01:20:18:29,down_150_1t_,1.3205559253692627,143.95379158845347,129.0978289353471,-1,-1,0.52281123,0.18967608,0.9158975,0.5461686,0.44608876,0.8285842,0.36173546,0.47732085,0.77064586,0.17744009,0.78635657,0.13799454,0.24030204,0.69207186,0.38655037,0.7229175,0.4353758,0.7168655,0.875968,0.5770129,0.6110297,0.9938336,0.6084853,0.12087456,0.0,0.0,0.0,0.0,0.0,0.0,0.0,0.0,0.0,0.0,0.0,0.0,0.0,0.0,0.0,0.0,0.0,0.0,0.0,0.0,0.0,0.48744914,0.1528278,0.9173119,0.55426353,0.15277016,0.88881075,0.4324497,0.21573788,0.8500452,0.6012459,0.19998732,0.8061153,0.0,0.0,0.0,0.0,0.0,0.0,0.0,0.0,0.0,0.0,0.0,0.0,0.0,0.0,0.0,0.0,0.0,0.0
2023:03:01:20:18:29,down_150_1t_,1.382394790649414,143.92777987372045,128.9419079714958,-1,-1,0.53054947,0.1895993,0.8931572,0.546188,0.44616994,0.8210314,0.36181048,0.4774014,0.7659483,0.17345265,0.78119725,0.15569799,0.24408285,0.6869503,0.4094809,0.7228736,0.43537185,0.71752113,0.8798632,0.5769103,0.6240423,0.993831,0.60848945,0.13391191,0.0,0.0,0.0,0.0,0.0,0.0,0.0,0.0,0.0,0.0,0.0,0.0,0.0,0.0,0.0,0.0,0.0,0.0,0.0,0.0,0.0,0.48762366,0.14792255,0.90660036,0.5581712,0.14780568,0.8813388,0.4324462,0.22076078,0.85349077,0.6011611,0.2000372,0.7523955,0.0,0.0,0.0,0.0,0.0,0.0,0.0,0.0,0.0,0.0,0.0,0.0,0.0,0.0,0.0,0.0,0.0,0.0
2023:03:01:20:18:29,down_150_1t_,1.4402430057525635,144.24174420989783,128.93666264488144,-1,-1,0.5266809,0.18963055,0.8995345,0.5462106,0.44617808,0.8176835,0.36180604,0.4774054,0.768162,0.17348036,0.781202,0.15277088,0.24410655,0.6869266,0.41534883,0.7190547,0.4354587,0.7245988,0.87992924,0.5770323,0.6221198,0.9938312,0.608558,0.12996158,0.0,0.0,0.0,0.0,0.0,0.0,0.0,0.0,0.0,0.0,0.0,0.0,0.0,0.0,0.0,0.0,0.0,0.0,0.0,0.0,0.0,0.4875223,0.15278414,0.9149301,0.558086,0.14778826,0.88416207,0.4325426,0.22076279,0.8501462,0.6012113,0.20010383,0.7686949,0.0,0.0,0.0,0.0,0.0,0.0,0.0,0.0,0.0,0.0,0.0,0.0,0.0,0.0,0.0,0.0,0.0,0.0
2023:03:01:20:18:29,down_150_1t_,1.4980921745300293,143.9936051407451,128.92030640619677,-1,-1,0.5189486,0.1895916,0.9498324,0.5462284,0.44614077,0.825337,0.36182207,0.47735417,0.7604325,0.17348349,0.7863445,0.1604689,0.24414407,0.68694043,0.41035807,0.7228545,0.435496,0.7245249,0.87595373,0.5768955,0.6277928,0.9938274,0.6085074,0.14968002,0.0,0.0,0.0,0.0,0.0,0.0,0.0,0.0,0.0,0.0,0.0,0.0,0.0,0.0,0.0,0.0,0.0,0.0,0.0,0.0,0.0,0.48732477,0.14794114,0.9359372,0.55041265,0.14786525,0.91729456,0.43636116,0.2157527,0.8411224,0.6012779,0.20001726,0.8269995,0.0,0.0,0.0,0.0,0.0,0.0,0.0,0.0,0.0,0.0,0.0,0.0,0.0,0.0,0.0,0.0,0.0,0.0
2023:03:01:20:18:29,down_150_1t_,1.557936429977417,143.9815798795005,128.91525790644442,-1,-1,0.51869094,0.18952748,0.95618844,0.54623324,0.44617414,0.82859635,0.36180377,0.4773872,0.7718662,0.17347702,0.78634214,0.15331683,0.24412417,0.6870085,0.40653634,0.7228936,0.4354905,0.7318907,0.8759807,0.5718868,0.6295119,0.99382865,0.60847855,0.14453356,0.0,0.0,0.0,0.0,0.0,0.0,0.0,0.0,0.0,0.0,0.0,0.0,0.0,0.0,0.0,0.0,0.0,0.0,0.0,0.0,0.0,0.4835278,0.14791799,0.934914,0.5502032,0.14778797,0.94543993,0.4325228,0.21576303,0.8447513,0.601268,0.20001848,0.8294041,0.0,0.0,0.0,0.0,0.0,0.0,0.0,0.0,0.0,0.0,0.0,0.0,0.0,0.0,0.0,0.0,0.0,0.0
2023:03:01:20:18:29,down_150_1t_,1.6217689514160156,143.96874588958653,128.35830686549724,-1,-1,0.51491135,0.18958013,0.94159627,0.5462926,0.4461053,0.8391644,0.36185145,0.47739464,0.77120245,0.18133259,0.78113234,0.14526185,0.24414511,0.6921219,0.38609785,0.7229673,0.43538684,0.72786236,0.87205005,0.5769862,0.6316554,0.99383503,0.6083443,0.12392876,0.0,0.0,0.0,0.0,0.0,0.0,0.0,0.0,0.0,0.0,0.0,0.0,0.0,0.0,0.0,0.0,0.0,0.0,0.0,0.0,0.0,0.48332545,0.14790647,0.9184758,0.5464481,0.14781353,0.94395673,0.43245968,0.22078483,0.8534096,0.597404,0.20005111,0.8193903,0.0,0.0,0.0,0.0,0.0,0.0,0.0,0.0,0.0,0.0,0.0,0.0,0.0,0.0,0.0,0.0,0.0,0.0
2023:03:01:20:18:29,down_150_1t_,1.6796183586120605,143.68162579732143,128.35992170053999,-1,-1,0.5148016,0.18957144,0.9318266,0.54629266,0.4460845,0.8402118,0.36185494,0.47739193,0.76982677,0.1813208,0.78113365,0.13532238,0.24412033,0.69220656,0.36677784,0.72674745,0.4353779,0.72445446,0.8720185,0.5718805,0.63834614,0.99383265,0.6083147,0.13728033,0.0,0.0,0.0,0.0,0.0,0.0,0.0,0.0,0.0,0.0,0.0,0.0,0.0,0.0,0.0,0.0,0.0,0.0,0.0,0.0,0.0,0.4796452,0.14788486,0.91777456,0.5464146,0.14779308,0.9477847,0.4324459,0.22081113,0.8574048,0.59739345,0.2000792,0.8186458,0.0,0.0,0.0,0.0,0.0,0.0,0.0,0.0,0.0,0.0,0.0,0.0,0.0,0.0,0.0,0.0,0.0,0.0
2023:03:01:20:18:30,down_150_1t_,1.7374944686889648,143.65908046912037,128.3646705398313,-1,-1,0.51478773,0.18957752,0.93128,0.54629165,0.44611385,0.8409281,0.36181465,0.47742808,0.77141273,0.17740555,0.7811771,0.13430345,0.24409153,0.69217986,0.37951177,0.7267665,0.43538585,0.7248392,0.87211376,0.5769085,0.631155,0.9938329,0.60841733,0.12930626,0.0,0.0,0.0,0.0,0.0,0.0,0.0,0.0,0.0,0.0,0.0,0.0,0.0,0.0,0.0,0.0,0.0,0.0,0.0,0.0,0.0,0.47963566,0.14789253,0.91617817,0.5463828,0.14785048,0.941509,0.42870373,0.22084752,0.85940313,0.5973641,0.20005515,0.8204672,0.0,0.0,0.0,0.0,0.0,0.0,0.0,0.0,0.0,0.0,0.0,0.0,0.0,0.0,0.0,0.0,0.0,0.0
2023:03:01:20:18:30,down_150_1t_,1.7983083724975586,143.64026958778834,129.1489487386557,-1,-1,0.5147562,0.18955192,0.9305968,0.54625463,0.44613847,0.8385795,0.36182842,0.47745803,0.77561116,0.17737894,0.78636414,0.14061311,0.24027453,0.692209,0.40607965,0.7267677,0.43535894,0.7255772,0.87208605,0.5718113,0.64237934,0.99383193,0.6084104,0.13441975,0.0,0.0,0.0,0.0,0.0,0.0,0.0,0.0,0.0,0.0,0.0,0.0,0.0,0.0,0.0,0.0,0.0,0.0,0.0,0.0,0.0,0.47963053,0.15278605,0.91302085,0.5463301,0.14785016,0.93620974,0.42870128,0.22097766,0.87286645,0.59734565,0.20002997,0.82384276,0.0,0.0,0.0,0.0,0.0,0.0,0.0,0.0,0.0,0.0,0.0,0.0,0.0,0.0,0.0,0.0,0.0,0.0
2023:03:01:20:18:30,down_150_1t_,1.8601467609405518,143.64368275372445,128.37717549937483,-1,-1,0.5148123,0.1896643,0.9397618,0.54628146,0.44615683,0.83895314,0.36185938,0.47743627,0.7725433,0.17350118,0.7811949,0.13886191,0.24409656,0.692081,0.4021635,0.7267553,0.43539083,0.7294092,0.872077,0.5718797,0.62873805,0.9938302,0.60845006,0.13738926,0.0,0.0,0.0,0.0,0.0,0.0,0.0,0.0,0.0,0.0,0.0,0.0,0.0,0.0,0.0,0.0,0.0,0.0,0.0,0.0,0.0,0.47964367,0.15300143,0.8980432,0.5463193,0.14795029,0.9266677,0.42870215,0.22586888,0.8750825,0.5973053,0.20011382,0.8198957,0.0,0.0,0.0,0.0,0.0,0.0,0.0,0.0,0.0,0.0,0.0,0.0,0.0,0.0,0.0,0.0,0.0,0.0
2023:03:01:20:18:30,down_150_1t_,1.9179949760437012,143.91347324696312,128.3656132581803,-1,-1,0.5147423,0.18968491,0.9287733,0.5462535,0.44614658,0.8391935,0.36183858,0.47744367,0.7752889,0.17352967,0.7811606,0.13960482,0.24416842,0.69207275,0.39975518,0.7229658,0.43533817,0.72764814,0.87204635,0.57181823,0.642443,0.9938282,0.6084717,0.14616966,0.0,0.0,0.0,0.0,0.0,0.0,0.0,0.0,0.0,0.0,0.0,0.0,0.0,0.0,0.0,0.0,0.0,0.0,0.0,0.0,0.0,0.47961,0.15803124,0.88767123,0.54627204,0.15282884,0.92249215,0.4287129,0.22589137,0.87103623,0.59730476,0.2051548,0.81734735,0.0,0.0,0.0,0.0,0.0,0.0,0.0,0.0,0.0,0.0,0.0,0.0,0.0,0.0,0.0,0.0,0.0,0.0
2023:03:01:20:18:30,down_150_1t_,1.9758851528167725,141.6096655156548,128.37247253440933,-1,-1,0.51471204,0.18971431,0.92330813,0.54626393,0.44612095,0.84199417,0.36183375,0.4774302,0.77480006,0.17740251,0.7811813,0.1398809,0.24414575,0.69205654,0.40432367,0.7229691,0.4304417,0.7245393,0.8720791,0.57187545,0.6377737,0.9938301,0.60849744,0.13348961,0.0,0.0,0.0,0.0,0.0,0.0,0.0,0.0,0.0,0.0,0.0,0.0,0.0,0.0,0.0,0.0,0.0,0.0,0.0,0.0,0.0,0.47958225,0.15309976,0.888345,0.5462616,0.15285243,0.92032677,0.42870942,0.22590868,0.87130755,0.59727687,0.20516324,0.8146082,0.0,0.0,0.0,0.0,0.0,0.0,0.0,0.0,0.0,0.0,0.0,0.0,0.0,0.0,0.0,0.0,0.0,0.0
2023:03:01:20:18:30,down_150_1t_,2.03768253326416,141.6105372692421,128.36519430981744,-1,-1,0.5109972,0.1897641,0.906867,0.54625845,0.44616494,0.8408414,0.3618094,0.4774518,0.77726316,0.17349611,0.78643167,0.14027819,0.24410182,0.6921099,0.40415522,0.7229358,0.43045464,0.7264061,0.87202543,0.57181203,0.6441592,0.9938275,0.60845166,0.14737502,0.0,0.0,0.0,0.0,0.0,0.0,0.0,0.0,0.0,0.0,0.0,0.0,0.0,0.0,0.0,0.0,0.0,0.0,0.0,0.0,0.0,0.479495,0.15299429,0.8883635,0.5462385,0.15277462,0.92182237,0.4286652,0.22097233,0.87279457,0.593484,0.19996661,0.8197065,0.0,0.0,0.0,0.0,0.0,0.0,0.0,0.0,0.0,0.0,0.0,0.0,0.0,0.0,0.0,0.0,0.0,0.0
2023:03:01:20:18:30,down_150_1t_,2.101515531539917,143.89334365512562,128.36735305438413,-1,-1,0.5108944,0.18974844,0.89805686,0.5462508,0.44620425,0.83638185,0.36181512,0.47748867,0.7769322,0.17342481,0.7916163,0.13212052,0.24410413,0.6921333,0.396653,0.722948,0.435328,0.72502756,0.87200814,0.5718782,0.637221,0.9938301,0.60846025,0.1376177,0.0,0.0,0.0,0.0,0.0,0.0,0.0,0.0,0.0,0.0,0.0,0.0,0.0,0.0,0.0,0.0,0.0,0.0,0.0,0.0,0.0,0.47568527,0.15297782,0.8814163,0.54616666,0.14791822,0.9198402,0.42864072,0.220972,0.8714467,0.59346175,0.19494557,0.82228065,0.0,0.0,0.0,0.0,0.0,0.0,0.0,0.0,0.0,0.0,0.0,0.0,0.0,0.0,0.0,0.0,0.0,0.0
2023:03:01:20:18:30,down_150_1t_,2.159364938735962,143.90978568054877,128.3625252632777,-1,-1,0.5108989,0.1897527,0.8956466,0.5462794,0.44625503,0.83100444,0.36182112,0.4775056,0.77559435,0.17343967,0.78641266,0.13222817,0.24408343,0.6921407,0.38930687,0.7229706,0.43539295,0.7268626,0.86824983,0.57179415,0.6440394,0.9938293,0.60843045,0.15148708,0.0,0.0,0.0,0.0,0.0,0.0,0.0,0.0,0.0,0.0,0.0,0.0,0.0,0.0,0.0,0.0,0.0,0.0,0.0,0.0,0.0,0.4757047,0.15299538,0.8782361,0.54615754,0.14788535,0.9223876,0.42862168,0.22097452,0.87465584,0.5934461,0.1948838,0.826538,0.0,0.0,0.0,0.0,0.0,0.0,0.0,0.0,0.0,0.0,0.0,0.0,0.0,0.0,0.0,0.0,0.0,0.0
2023:03:01:20:18:30,down_150_1t_,2.219208240509033,143.94140404842807,128.32408041056365,-1,-1,0.51091564,0.189764,0.8958537,0.5462158,0.44624302,0.8247431,0.36174285,0.47747293,0.78148067,0.1734864,0.7863579,0.12884715,0.24412271,0.69217324,0.37548414,0.72294635,0.43543133,0.7291631,0.87202114,0.57175416,0.6473662,0.99383146,0.6083888,0.14231929,0.0,0.0,0.0,0.0,0.0,0.0,0.0,0.0,0.0,0.0,0.0,0.0,0.0,0.0,0.0,0.0,0.0,0.0,0.0,0.0,0.0,0.4756997,0.1530037,0.8780335,0.546149,0.14788081,0.924655,0.428604,0.22100475,0.87819904,0.5934024,0.1948487,0.8300993,0.0,0.0,0.0,0.0,0.0,0.0,0.0,0.0,0.0,0.0,0.0,0.0,0.0,0.0,0.0,0.0,0.0,0.0
2023:03:01:20:18:30,down_150_1t_,2.2810466289520264,143.93526509120971,129.10778902523873,-1,-1,0.51091194,0.1897795,0.89626515,0.5462474,0.44623855,0.8268197,0.36176887,0.47747338,0.7768838,0.17347774,0.7863577,0.13315853,0.24029204,0.69220096,0.39315304,0.7229668,0.43544933,0.73108464,0.8759332,0.5718119,0.6418855,0.99383134,0.60848135,0.13627121,0.0,0.0,0.0,0.0,0.0,0.0,0.0,0.0,0.0,0.0,0.0,0.0,0.0,0.0,0.0,0.0,0.0,0.0,0.0,0.0,0.0,0.47567466,0.15303558,0.8732782,0.5461554,0.14790438,0.9234413,0.42859492,0.2210112,0.879254,0.59339106,0.19489121,0.827952,0.0,0.0,0.0,0.0,0.0,0.0,0.0,0.0,0.0,0.0,0.0,0.0,0.0,0.0,0.0,0.0,0.0,0.0
2023:03:01:20:18:30,down_150_1t_,2.3428852558135986,143.65076207243084,128.3317224595304,-1,-1,0.5109661,0.18980463,0.90121037,0.5462731,0.44623223,0.8312494,0.36179626,0.47745588,0.77365434,0.17348522,0.78634536,0.12923871,0.24416071,0.6920978,0.38518977,0.7267675,0.43546405,0.731772,0.8720765,0.5717825,0.6442769,0.99383086,0.608467,0.13339004,0.0,0.0,0.0,0.0,0.0,0.0,0.0,0.0,0.0,0.0,0.0,0.0,0.0,0.0,0.0,0.0,0.0,0.0,0.0,0.0,0.0,0.47571632,0.15298238,0.8791948,0.5462104,0.14795695,0.9222058,0.42859408,0.22097556,0.87970316,0.5933887,0.19495067,0.824736,0.0,0.0,0.0,0.0,0.0,0.0,0.0,0.0,0.0,0.0,0.0,0.0,0.0,0.0,0.0,0.0,0.0,0.0
2023:03:01:20:18:30,down_150_1t_,2.4007339477539062,143.68088094018697,128.33119328520723,-1,-1,0.5147057,0.18979312,0.90911126,0.54626405,0.4462124,0.8325559,0.36176085,0.47742873,0.7798023,0.17348473,0.786347,0.12936366,0.24412628,0.69204193,0.40137956,0.7267812,0.43546122,0.7346808,0.8720684,0.57171136,0.6530431,0.9938293,0.6082934,0.14698553,0.0,0.0,0.0,0.0,0.0,0.0,0.0,0.0,0.0,0.0,0.0,0.0,0.0,0.0,0.0,0.0,0.0,0.0,0.0,0.0,0.0,0.4795426,0.15296204,0.8872524,0.5462741,0.14793283,0.93042856,0.4285903,0.22094062,0.880296,0.5934597,0.19496292,0.82391167,0.0,0.0,0.0,0.0,0.0,0.0,0.0,0.0,0.0,0.0,0.0,0.0,0.0,0.0,0.0,0.0,0.0,0.0
2023:03:01:20:18:30,down_150_1t_,2.458583354949951,143.67609086154812,128.3422193813316,-1,-1,0.51475835,0.1897529,0.9165351,0.5462553,0.44622704,0.8309474,0.36178833,0.47743616,0.774441,0.1773978,0.78639126,0.11611423,0.24409886,0.6920486,0.4002793,0.7267736,0.4354725,0.73250216,0.8720971,0.5718122,0.6465869,0.9938293,0.60833436,0.14332485,0.0,0.0,0.0,0.0,0.0,0.0,0.0,0.0,0.0,0.0,0.0,0.0,0.0,0.0,0.0,0.0,0.0,0.0,0.0,0.0,0.0,0.47954863,0.15292707,0.8854451,0.5463009,0.14785221,0.9353456,0.42861533,0.22099528,0.8771003,0.5934732,0.19481602,0.8338006,0.0,0.0,0.0,0.0,0.0,0.0,0.0,0.0,0.0,0.0,0.0,0.0,0.0,0.0,0.0,0.0,0.0,0.0
2023:03:01:20:18:30,down_150_1t_,2.5204222202301025,143.65224431292,128.33454879801042,-1,-1,0.5147944,0.1897685,0.9188037,0.54625684,0.44624034,0.83037907,0.36180264,0.4774357,0.7751621,0.17349312,0.78643566,0.12253804,0.24411717,0.69207793,0.3974407,0.7267831,0.435449,0.7348365,0.8721149,0.57185644,0.63509643,0.9938282,0.6083858,0.14729495,0.0,0.0,0.0,0.0,0.0,0.0,0.0,0.0,0.0,0.0,0.0,0.0,0.0,0.0,0.0,0.0,0.0,0.0,0.0,0.0,0.0,0.4795611,0.1529427,0.8853775,0.54631674,0.14784862,0.93606555,0.42861226,0.22097695,0.88074857,0.59348094,0.19480349,0.83262265,0.0,0.0,0.0,0.0,0.0,0.0,0.0,0.0,0.0,0.0,0.0,0.0,0.0,0.0,0.0,0.0,0.0,0.0
2023:03:01:20:18:30,down_150_1t_,2.5822603702545166,143.65060492091047,128.33626725090528,-1,-1,0.5148259,0.18975364,0.9243777,0.546253,0.44626263,0.8272222,0.36179385,0.477446,0.77621853,0.17342642,0.7915858,0.12944861,0.24411233,0.69203126,0.39956757,0.7268077,0.435459,0.7380557,0.8721174,0.57181245,0.63764006,0.9938283,0.6083686,0.15654626,0.0,0.0,0.0,0.0,0.0,0.0,0.0,0.0,0.0,0.0,0.0,0.0,0.0,0.0,0.0,0.0,0.0,0.0,0.0,0.0,0.0,0.4795747,0.15293734,0.88498867,0.5463354,0.14785372,0.93548,0.4286202,0.22093143,0.8768139,0.5972546,0.19482794,0.83170664,0.0,0.0,0.0,0.0,0.0,0.0,0.0,0.0,0.0,0.0,0.0,0.0,0.0,0.0,0.0,0.0,0.0,0.0
2023:03:01:20:18:30,down_150_1t_,2.642103672027588,143.9500042794915,128.9309609499466,-1,-1,0.51483214,0.18972374,0.9295803,0.54622024,0.44623834,0.82625455,0.36178845,0.47746456,0.77640164,0.17741145,0.7863412,0.115491524,0.24409907,0.6870018,0.39265922,0.72293735,0.43543386,0.72990626,0.87211126,0.57186466,0.6269535,0.9938239,0.6083487,0.16780503,0.0,0.0,0.0,0.0,0.0,0.0,0.0,0.0,0.0,0.0,0.0,0.0,0.0,0.0,0.0,0.0,0.0,0.0,0.0,0.0,0.0,0.47959605,0.15298182,0.8858776,0.5463237,0.14787135,0.9345223,0.428602,0.22099574,0.8851762,0.59347224,0.19484615,0.8269166,0.0,0.0,0.0,0.0,0.0,0.0,0.0,0.0,0.0,0.0,0.0,0.0,0.0,0.0,0.0,0.0,0.0,0.0
2023:03:01:20:18:30,down_150_1t_,2.6999874114990234,143.6517095869914,128.3513939849039,-1,-1,0.5148809,0.18971457,0.9343735,0.5462035,0.44621804,0.82947946,0.36177444,0.47744992,0.77925825,0.17744558,0.78124833,0.12190148,0.24408694,0.6920556,0.38778165,0.72674596,0.43538985,0.7327055,0.8681737,0.5716842,0.6472742,0.99382436,0.60827667,0.17060994,0.0,0.0,0.0,0.0,0.0,0.0,0.0,0.0,0.0,0.0,0.0,0.0,0.0,0.0,0.0,0.0,0.0,0.0,0.0,0.0,0.0,0.4796435,0.15302594,0.8877325,0.54636383,0.14787437,0.93648726,0.4285822,0.22099043,0.88849914,0.59345114,0.19490376,0.82251084,0.0,0.0,0.0,0.0,0.0,0.0,0.0,0.0,0.0,0.0,0.0,0.0,0.0,0.0,0.0,0.0,0.0,0.0
2023:03:01:20:18:31,down_150_1t_,2.759796619415283,143.65368533095872,128.9303291059811,-1,-1,0.51490027,0.18973596,0.936382,0.54621166,0.4462063,0.829616,0.36177018,0.4774556,0.781494,0.17736816,0.78119254,0.1287776,0.2441294,0.68696713,0.38969743,0.72675616,0.43540692,0.72924757,0.8681682,0.5717653,0.63359725,0.9938259,0.6083356,0.15931138,0.0,0.0,0.0,0.0,0.0,0.0,0.0,0.0,0.0,0.0,0.0,0.0,0.0,0.0,0.0,0.0,0.0,0.0,0.0,0.0,0.0,0.47965312,0.15305664,0.8880571,0.5463596,0.14789908,0.9353602,0.42857644,0.22097585,0.88982385,0.5934516,0.19490644,0.8239977,0.0,0.0,0.0,0.0,0.0,0.0,0.0,0.0,0.0,0.0,0.0,0.0,0.0,0.0,0.0,0.0,0.0,0.0
2023:03:01:20:18:31,down_150_1t_,2.823629379272461,143.654122347284,128.35047037791512,-1,-1,0.5148896,0.18975058,0.93372047,0.54620844,0.44620904,0.82904124,0.36176682,0.4774526,0.78270626,0.17738225,0.7863788,0.12878609,0.24409936,0.6920555,0.38128084,0.72676283,0.4354079,0.73126936,0.8682079,0.57182705,0.6269211,0.9938245,0.608326,0.16233522,0.0,0.0,0.0,0.0,0.0,0.0,0.0,0.0,0.0,0.0,0.0,0.0,0.0,0.0,0.0,0.0,0.0,0.0,0.0,0.0,0.0,0.4796542,0.15304992,0.88800365,0.5463436,0.1478873,0.9370638,0.42858294,0.22099747,0.88961196,0.59342355,0.19488753,0.82778007,0.0,0.0,0.0,0.0,0.0,0.0,0.0,0.0,0.0,0.0,0.0,0.0,0.0,0.0,0.0,0.0,0.0,0.0
2023:03:01:20:18:31,down_150_1t_,2.8814783096313477,143.66506255377175,128.92761712845947,-1,-1,0.51497406,0.18963037,0.94942486,0.5462549,0.44618642,0.83261913,0.36180657,0.47742364,0.77762973,0.17738014,0.78640825,0.12612854,0.24413362,0.6869815,0.39706808,0.7268117,0.43543732,0.7346928,0.87207496,0.5718936,0.6214466,0.9938261,0.6083616,0.14652725,0.0,0.0,0.0,0.0,0.0,0.0,0.0,0.0,0.0,0.0,0.0,0.0,0.0,0.0,0.0,0.0,0.0,0.0,0.0,0.0,0.0,0.48330295,0.15300569,0.9005471,0.5464004,0.14786115,0.9432686,0.42857483,0.22103219,0.8941182,0.59341794,0.19490795,0.83002704,0.0,0.0,0.0,0.0,0.0,0.0,0.0,0.0,0.0,0.0,0.0,0.0,0.0,0.0,0.0,0.0,0.0,0.0
2023:03:01:20:18:31,down_150_1t_,2.9393272399902344,143.67871135077635,128.35666536649367,-1,-1,0.51869416,0.1896362,0.94713855,0.54625726,0.44621333,0.8297321,0.36181167,0.47744495,0.774335,0.17739055,0.7864137,0.12390359,0.24408868,0.69206023,0.3930717,0.72680765,0.43546546,0.735499,0.87203217,0.5718018,0.6309072,0.9938259,0.6083037,0.15210505,0.0,0.0,0.0,0.0,0.0,0.0,0.0,0.0,0.0,0.0,0.0,0.0,0.0,0.0,0.0,0.0,0.0,0.0,0.0,0.0,0.0,0.483453,0.152836,0.91106975,0.55009854,0.14768653,0.9539747,0.42859468,0.22091159,0.88784295,0.59339607,0.19481167,0.8201382,0.0,0.0,0.0,0.0,0.0,0.0,0.0,0.0,0.0,0.0,0.0,0.0,0.0,0.0,0.0,0.0,0.0,0.0
2023:03:01:20:18:31,down_150_1t_,2.999171495437622,143.69515635393972,129.12399225646539,-1,-1,0.5226818,0.18943259,0.93099076,0.5462359,0.4461784,0.8282626,0.36175722,0.4774443,0.7754058,0.17737786,0.78636926,0.13589706,0.24030422,0.69207,0.3966352,0.72679836,0.43549064,0.73459285,0.872067,0.5719039,0.62448245,0.99382675,0.6083539,0.14555621,0.0,0.0,0.0,0.0,0.0,0.0,0.0,0.0,0.0,0.0,0.0,0.0,0.0,0.0,0.0,0.0,0.0,0.0,0.0,0.0,0.0,0.48730603,0.14787748,0.9366386,0.5503994,0.14760946,0.9452928,0.4285681,0.22094086,0.89213765,0.59339505,0.18980004,0.800209,0.0,0.0,0.0,0.0,0.0,0.0,0.0,0.0,0.0,0.0,0.0,0.0,0.0,0.0,0.0,0.0,0.0,0.0
2023:03:01:20:18:31,down_150_1t_,3.063004493713379,143.66757706531234,128.38047011363588,-1,-1,0.53455216,0.18955174,0.8909026,0.54623705,0.4461356,0.82072,0.3617875,0.47746226,0.76921433,0.1735262,0.78125626,0.13347986,0.2440861,0.69207984,0.39570373,0.7267708,0.4354034,0.7212943,0.8721172,0.57184064,0.6156058,0.9938307,0.608373,0.124142386,0.0,0.0,0.0,0.0,0.0,0.0,0.0,0.0,0.0,0.0,0.0,0.0,0.0,0.0,0.0,0.0,0.0,0.0,0.0,0.0,0.0,0.48762098,0.14785405,0.9159044,0.5580789,0.14759807,0.89811623,0.42859071,0.22102173,0.8888389,0.59337527,0.18414429,0.35735005,0.0,0.0,0.0,0.0,0.0,0.0,0.0,0.0,0.0,0.0,0.0,0.0,0.0,0.0,0.0,0.0,0.0,0.0
2023:03:01:20:18:31,down_150_1t_,3.12284779548645,143.61138871157652,129.1659666025917,-1,-1,0.54234207,0.18945482,0.9242241,0.5462751,0.44618812,0.81808805,0.36181876,0.47752354,0.7664509,0.1734382,0.7864603,0.12421147,0.24025844,0.6921655,0.4047974,0.7267892,0.43535239,0.72155756,0.8759855,0.5770048,0.5926043,0.993838,0.6084675,0.10406496,0.0,0.0,0.0,0.0,0.0,0.0,0.0,0.0,0.0,0.0,0.0,0.0,0.0,0.0,0.0,0.0,0.0,0.0,0.0,0.0,0.0,0.4914451,0.14759655,0.91415954,0.565926,0.14745538,0.8937363,0.42863825,0.22095641,0.87628424,0.59339947,0.17886214,0.2320635,0.0,0.0,0.0,0.0,0.0,0.0,0.0,0.0,0.0,0.0,0.0,0.0,0.0,0.0,0.0,0.0,0.0,0.0
2023:03:01:20:18:31,down_150_1t_,3.180696725845337,143.5898528951496,129.16897344058086,-1,-1,0.54246545,0.18935837,0.9374599,0.54630685,0.4462063,0.8175433,0.36183843,0.47754705,0.7636988,0.16954985,0.7969,0.11407575,0.24022868,0.69225866,0.40931493,0.7267878,0.4353599,0.7202116,0.8759845,0.57704103,0.5981385,0.9938369,0.60859126,0.10757249,0.0,0.0,0.0,0.0,0.0,0.0,0.0,0.0,0.0,0.0,0.0,0.0,0.0,0.0,0.0,0.0,0.0,0.0,0.0,0.0,0.0,0.49535492,0.14756398,0.90171415,0.56987965,0.14747156,0.8987773,0.42862383,0.2208318,0.86635405,0.60116285,0.17889275,0.18975978,0.0,0.0,0.0,0.0,0.0,0.0,0.0,0.0,0.0,0.0,0.0,0.0,0.0,0.0,0.0,0.0,0.0,0.0
2023:03:01:20:18:31,down_150_1t_,3.2445309162139893,142.86378720789122,129.1454782206875,-1,-1,0.54609245,0.1893492,0.9366503,0.54630136,0.4462118,0.8172776,0.36183256,0.4775159,0.76530266,0.17349948,0.7916215,0.119350076,0.24029045,0.6922165,0.39638337,0.7267842,0.4354061,0.722542,0.87994623,0.5821944,0.5843793,0.9938374,0.61357534,0.10218012,0.0,0.0,0.0,0.0,0.0,0.0,0.0,0.0,0.0,0.0,0.0,0.0,0.0,0.0,0.0,0.0,0.0,0.0,0.0,0.0,0.0,0.49534217,0.14751835,0.90429074,0.57366514,0.14747322,0.90842664,0.42859837,0.22080699,0.86654943,0.60509354,0.17889816,0.1614246,0.0,0.0,0.0,0.0,0.0,0.0,0.0,0.0,0.0,0.0,0.0,0.0,0.0,0.0,0.0,0.0,0.0,0.0
2023:03:01:20:18:31,down_150_1t_,3.306368589401245,-1,129.15087904611144,-1,-1,0.5461759,0.1893622,0.9432324,0.5462707,0.4462239,0.81403464,0.36180946,0.47754958,0.76857233,0.17738952,0.7864522,0.12846503,0.24027771,0.692245,0.39204305,0.7267774,0.43539625,0.7207951,0.8799453,0.582249,0.5804625,0.9938429,0.6135806,0.09163196,0.0,0.0,0.0,0.0,0.0,0.0,0.0,0.0,0.0,0.0,0.0,0.0,0.0,0.0,0.0,0.0,0.0,0.0,0.0,0.0,0.0,0.49915755,0.14750436,0.8987332,0.5737161,0.14747941,0.9149209,0.42858255,0.22075424,0.8635674,0.60520905,0.1738093,0.15364714,0.0,0.0,0.0,0.0,0.0,0.0,0.0,0.0,0.0,0.0,0.0,0.0,0.0,0.0,0.0,0.0,0.0,0.0
2023:03:01:20:18:31,down_150_1t_,3.3662121295928955,143.6059834273262,129.14019285686672,-1,-1,0.54617006,0.18938273,0.94186044,0.5462385,0.44618773,0.8160031,0.3617684,0.47750413,0.7759414,0.17349078,0.79161495,0.12508957,0.2402673,0.6922104,0.39625433,0.7267699,0.4353736,0.72139996,0.87603045,0.5770485,0.5844434,0.99383926,0.60858524,0.10228285,0.0,0.0,0.0,0.0,0.0,0.0,0.0,0.0,0.0,0.0,0.0,0.0,0.0,0.0,0.0,0.0,0.0,0.0,0.0,0.0,0.0,0.49915358,0.14752236,0.89837474,0.5736621,0.14746462,0.9099099,0.42859498,0.22078913,0.86777127,0.6050306,0.17887425,0.21710956,0.0,0.0,0.0,0.0,0.0,0.0,0.0,0.0,0.0,0.0,0.0,0.0,0.0,0.0,0.0,0.0,0.0,0.0
2023:03:01:20:18:31,down_150_1t_,3.4240615367889404,-1,129.12489427103816,-1,-1,0.5461556,0.1893982,0.9406481,0.54625237,0.4462125,0.81276953,0.36178005,0.47750944,0.769902,0.17739551,0.7916254,0.122919686,0.24028762,0.6922818,0.376932,0.7267748,0.43542463,0.7263211,0.88385105,0.58223987,0.57795686,0.9938421,0.608521,0.083817795,0.0,0.0,0.0,0.0,0.0,0.0,0.0,0.0,0.0,0.0,0.0,0.0,0.0,0.0,0.0,0.0,0.0,0.0,0.0,0.0,0.0,0.49917752,0.14752808,0.89993656,0.57364184,0.14748238,0.90739584,0.42859346,0.22077538,0.866603,0.6012939,0.17888527,0.21271253,0.0,0.0,0.0,0.0,0.0,0.0,0.0,0.0,0.0,0.0,0.0,0.0,0.0,0.0,0.0,0.0,0.0,0.0
2023:03:01:20:18:31,down_150_1t_,3.4858996868133545,-1,128.36787966133187,-1,-1,0.5461046,0.18938418,0.9390629,0.54626733,0.44619244,0.81699467,0.36181104,0.47752732,0.76975375,0.1813401,0.78638405,0.12040868,0.2441136,0.6922686,0.3757646,0.7267642,0.43532518,0.7166485,0.87995785,0.5821571,0.5851438,0.9938418,0.6084689,0.08977897,0.0,0.0,0.0,0.0,0.0,0.0,0.0,0.0,0.0,0.0,0.0,0.0,0.0,0.0,0.0,0.0,0.0,0.0,0.0,0.0,0.0,0.49535453,0.14754167,0.90251184,0.57362145,0.14750387,0.90458214,0.42858243,0.22077127,0.86596036,0.6012564,0.17894371,0.19702595,0.0,0.0,0.0,0.0,0.0,0.0,0.0,0.0,0.0,0.0,0.0,0.0,0.0,0.0,0.0,0.0,0.0,0.0
2023:03:01:20:18:31,down_150_1t_,3.5497326850891113,-1,128.5864991716237,-1,-1,0.54607993,0.1894136,0.9378195,0.5462915,0.44618678,0.8178789,0.36180875,0.47754434,0.7693229,0.18129641,0.7863504,0.12342782,0.24026558,0.69735825,0.37669817,0.726773,0.43045354,0.7180058,0.8838189,0.58220804,0.58479416,0.9938418,0.60852206,0.0854486,0.0,0.0,0.0,0.0,0.0,0.0,0.0,0.0,0.0,0.0,0.0,0.0,0.0,0.0,0.0,0.0,0.0,0.0,0.0,0.0,0.0,0.49530873,0.14757834,0.9018669,0.5698867,0.14751008,0.900169,0.42862013,0.22081158,0.86443996,0.60116684,0.1788801,0.19662066,0.0,0.0,0.0,0.0,0.0,0.0,0.0,0.0,0.0,0.0,0.0,0.0,0.0,0.0,0.0,0.0,0.0,0.0
2023:03:01:20:18:31,down_150_1t_,3.607581853866577,-1,128.5958462035451,-1,-1,0.54245925,0.18940476,0.93862104,0.5463212,0.44617313,0.8194517,0.36182797,0.4775415,0.76628953,0.1774056,0.78644776,0.1204658,0.24025863,0.69734275,0.38337705,0.72680783,0.43535957,0.7190483,0.8876758,0.5822653,0.58557624,0.9938409,0.608583,0.08349129,0.0,0.0,0.0,0.0,0.0,0.0,0.0,0.0,0.0,0.0,0.0,0.0,0.0,0.0,0.0,0.0,0.0,0.0,0.0,0.0,0.0,0.49536076,0.14761317,0.89979345,0.5698394,0.14756565,0.896635,0.4285978,0.22090961,0.8760282,0.59736896,0.17897089,0.17709923,0.0,0.0,0.0,0.0,0.0,0.0,0.0,0.0,0.0,0.0,0.0,0.0,0.0,0.0,0.0,0.0,0.0,0.0
2023:03:01:20:18:31,down_150_1t_,3.665431022644043,-1,129.18291022412393,-1,-1,0.54608136,0.18936126,0.9364151,0.5462642,0.44612303,0.8204971,0.36180496,0.4775281,0.77232003,0.17738324,0.7863957,0.13364355,0.24022028,0.69224745,0.40617365,0.7268089,0.43042886,0.7154577,0.8837783,0.58226216,0.5880026,0.99384165,0.6085604,0.09612536,0.0,0.0,0.0,0.0,0.0,0.0,0.0,0.0,0.0,0.0,0.0,0.0,0.0,0.0,0.0,0.0,0.0,0.0,0.0,0.0,0.0,0.49534404,0.14763725,0.9018253,0.5697731,0.14752293,0.8935532,0.42859387,0.2208905,0.87699354,0.59729815,0.17373595,0.13701798,0.0,0.0,0.0,0.0,0.0,0.0,0.0,0.0,0.0,0.0,0.0,0.0,0.0,0.0,0.0,0.0,0.0,0.0
2023:03:01:20:18:32,down_150_1t_,3.7292640209198,-1,129.1839419021178,-1,-1,0.54607785,0.18937744,0.9375483,0.5462907,0.4461326,0.82065725,0.3618273,0.47749954,0.7680284,0.17350373,0.786376,0.13894571,0.240212,0.69216156,0.42032632,0.7268112,0.43532977,0.7149863,0.8838179,0.5822228,0.5811887,0.9938426,0.60850084,0.08086879,0.0,0.0,0.0,0.0,0.0,0.0,0.0,0.0,0.0,0.0,0.0,0.0,0.0,0.0,0.0,0.0,0.0,0.0,0.0,0.0,0.0,0.4953662,0.1476322,0.8991928,0.5697611,0.14752235,0.8924979,0.42861617,0.2209322,0.8776862,0.5934737,0.1737954,0.15203477,0.0,0.0,0.0,0.0,0.0,0.0,0.0,0.0,0.0,0.0,0.0,0.0,0.0,0.0,0.0,0.0,0.0,0.0
2023:03:01:20:18:32,down_150_1t_,3.7930970191955566,-1,129.187160120662,-1,-1,0.5424586,0.18934552,0.9382943,0.54630035,0.44607627,0.819463,0.36183047,0.47747767,0.7689608,0.17343251,0.7864191,0.14301093,0.2403089,0.692034,0.41171238,0.72297454,0.43034163,0.7037117,0.88380593,0.5821208,0.59522057,0.9938418,0.6085213,0.08860842,0.0,0.0,0.0,0.0,0.0,0.0,0.0,0.0,0.0,0.0,0.0,0.0,0.0,0.0,0.0,0.0,0.0,0.0,0.0,0.0,0.0,0.49535367,0.14761469,0.9017043,0.5697965,0.14754142,0.8934228,0.4286074,0.22094126,0.87842125,0.59734035,0.17888731,0.14351629,0.0,0.0,0.0,0.0,0.0,0.0,0.0,0.0,0.0,0.0,0.0,0.0,0.0,0.0,0.0,0.0,0.0,0.0
2023:03:01:20:18:32,down_150_1t_,3.8509461879730225,141.53523304392678,129.7617286460332,-1,-1,0.54242164,0.18939033,0.9349117,0.54625404,0.4460754,0.8220718,0.3617815,0.4774523,0.7574277,0.17740597,0.78645605,0.13326903,0.24025154,0.6870293,0.43030396,0.7229323,0.43024004,0.69830436,0.8838035,0.5769297,0.5967135,0.99383986,0.6084851,0.11054981,0.0,0.0,0.0,0.0,0.0,0.0,0.0,0.0,0.0,0.0,0.0,0.0,0.0,0.0,0.0,0.0,0.0,0.0,0.0,0.0,0.0,0.49533385,0.14764895,0.8997292,0.56592274,0.14748602,0.8894116,0.4286598,0.22087714,0.8660015,0.59344625,0.17384866,0.22907022,0.0,0.0,0.0,0.0,0.0,0.0,0.0,0.0,0.0,0.0,0.0,0.0,0.0,0.0,0.0,0.0,0.0,0.0
2023:03:01:20:18:32,down_150_1t_,3.9087953567504883,141.2769429913678,129.8027212583384,-1,-1,0.5460761,0.18933871,0.9375871,0.546311,0.44611433,0.8283093,0.3618367,0.47753474,0.7545185,0.1734523,0.79162866,0.13982867,0.24024579,0.6869813,0.47585458,0.7267764,0.4303134,0.701668,0.88379276,0.5770011,0.5984015,0.9938409,0.6085526,0.10331858,0.0,0.0,0.0,0.0,0.0,0.0,0.0,0.0,0.0,0.0,0.0,0.0,0.0,0.0,0.0,0.0,0.0,0.0,0.0,0.0,0.0,0.49538139,0.14760861,0.8990674,0.5697511,0.14746265,0.892077,0.42866725,0.22086151,0.8662791,0.5972995,0.17384776,0.20862482,0.0,0.0,0.0,0.0,0.0,0.0,0.0,0.0,0.0,0.0,0.0,0.0,0.0,0.0,0.0,0.0,0.0,0.0
2023:03:01:20:18:32,down_150_1t_,3.9706339836120605,141.33295433795635,129.75070068206324,-1,-1,0.54616594,0.18449423,0.9445095,0.5463676,0.44600636,0.8344694,0.3618878,0.4772606,0.7408898,0.18135202,0.7812153,0.1292091,0.24014235,0.6869867,0.45090932,0.7267531,0.43036875,0.7027496,0.88379586,0.5717131,0.61503845,0.9938279,0.60856944,0.1428051,0.0,0.0,0.0,0.0,0.0,0.0,0.0,0.0,0.0,0.0,0.0,0.0,0.0,0.0,0.0,0.0,0.0,0.0,0.0,0.0,0.0,0.49917826,0.14757784,0.9047084,0.5736283,0.14743271,0.90741307,0.43248397,0.22080982,0.85112834,0.6012531,0.17904566,0.22750361,0.0,0.0,0.0,0.0,0.0,0.0,0.0,0.0,0.0,0.0,0.0,0.0,0.0,0.0,0.0,0.0,0.0,0.0
2023:03:01:20:18:32,down_150_1t_,4.034466505050659,142.91680392652927,129.0343622375241,-1,-1,0.5462284,0.18426733,0.9553796,0.54646707,0.44093975,0.83068657,0.36194164,0.47233242,0.7248751,0.17744467,0.7707242,0.14051953,0.2441395,0.68157446,0.46027613,0.72680956,0.43027642,0.6885213,0.88766414,0.5769701,0.59837294,0.99383074,0.60835296,0.112653196,0.0,0.0,0.0,0.0,0.0,0.0,0.0,0.0,0.0,0.0,0.0,0.0,0.0,0.0,0.0,0.0,0.0,0.0,0.0,0.0,0.0,0.50309056,0.1474172,0.9023108,0.573801,0.14744432,0.92094094,0.4363688,0.2156838,0.8280207,0.6050674,0.18420976,0.28985938,0.0,0.0,0.0,0.0,0.0,0.0,0.0,0.0,0.0,0.0,0.0,0.0,0.0,0.0,0.0,0.0,0.0,0.0
2023:03:01:20:18:32,down_150_1t_,4.092315912246704,-1,126.71935075187818,-1,-1,0.5462648,0.18402992,0.9463343,0.55041206,0.4460697,0.8086415,0.38151905,0.47728872,0.63187957,0.16563831,0.76021594,0.13850844,0.27558255,0.6921377,0.4266642,0.73450357,0.43538812,0.7385712,0.895514,0.6082671,0.69471633,0.99384165,0.6028989,0.052669033,0.0,0.0,0.0,0.0,0.0,0.0,0.0,0.0,0.0,0.0,0.0,0.0,0.0,0.0,0.0,0.0,0.0,0.0,0.0,0.0,0.0,0.49927917,0.14248067,0.89450854,0.5738269,0.14249581,0.91761965,0.4403652,0.21043283,0.82256806,0.6051666,0.17909907,0.28542867,0.0,0.0,0.0,0.0,0.0,0.0,0.0,0.0,0.0,0.0,0.0,0.0,0.0,0.0,0.0,0.0,0.0,0.0
2023:03:01:20:18:32,down_150_1t_,4.15016508102417,151.18212068681584,139.6990978769902,-1,-1,0.54640716,0.18403518,0.9506866,0.55032825,0.45139804,0.7423714,0.38545159,0.47229618,0.54339683,0.16953994,0.7602715,0.33038434,0.29912338,0.5665882,0.6921513,0.7345594,0.43564227,0.75569445,0.89554715,0.62925345,0.5283096,0.9938199,0.5506917,0.20580664,0.0,0.0,0.0,0.0,0.0,0.0,0.0,0.0,0.0,0.0,0.0,0.0,0.0,0.0,0.0,0.0,0.0,0.0,0.0,0.0,0.0,0.507051,0.14242215,0.898629,0.57758355,0.14247158,0.9319571,0.44429487,0.20529403,0.82561487,0.6052562,0.1738304,0.24284063,0.0,0.0,0.0,0.0,0.0,0.0,0.0,0.0,0.0,0.0,0.0,0.0,0.0,0.0,0.0,0.0,0.0,0.0
2023:03:01:20:18:32,down_150_1t_,4.212003231048584,169.68094545596927,165.3424416597531,-1,-1,0.5464903,0.184123,0.9569926,0.55016196,0.46174836,0.73309356,0.38531297,0.48268116,0.5219288,0.1695302,0.68674535,0.5706446,0.3069493,0.51417416,0.7335535,0.7345145,0.43573716,0.7516061,0.90738213,0.64491445,0.52797616,0.9937955,0.44609624,0.4660278,0.0,0.0,0.0,0.0,0.0,0.0,0.0,0.0,0.0,0.0,0.0,0.0,0.0,0.0,0.0,0.0,0.0,0.0,0.0,0.0,0.0,0.51093453,0.14244959,0.91605353,0.5775994,0.14257443,0.93978935,0.44809785,0.21052228,0.84726584,0.6052281,0.17900182,0.23385575,0.0,0.0,0.0,0.0,0.0,0.0,0.0,0.0,0.0,0.0,0.0,0.0,0.0,0.0,0.0,0.0,0.0,0.0
2023:03:01:20:18:32,down_150_1t_,4.273841857910156,174.40483545594904,117.90377623196184,-1,-1,0.5501294,0.18423784,0.9620248,0.54628795,0.44069687,0.72916484,0.38146988,0.44621083,0.5447811,0.17736074,0.6241438,0.6758636,0.33034915,0.3570208,0.6775753,0.71893096,0.43551216,0.6398556,0.91909087,0.6188415,0.35375658,0.96242,0.40425432,0.4976246,0.0,0.0,0.0,0.0,0.0,0.0,0.0,0.0,0.0,0.0,0.0,0.0,0.0,0.0,0.0,0.0,0.0,0.0,0.0,0.0,0.0,0.5148074,0.14251146,0.9521542,0.57776105,0.14264338,0.94975436,0.44806308,0.18947655,0.83750546,0.6090707,0.17896023,0.24277371,0.0,0.0,0.0,0.0,0.0,0.0,0.0,0.0,0.0,0.0,0.0,0.0,0.0,0.0,0.0,0.0,0.0,0.0
2023:03:01:20:18:32,down_150_1t_,4.333712577819824,140.08661350706865,99.77219758733976,-1,-1,0.54648983,0.18447334,0.9600428,0.5424563,0.4408305,0.7507068,0.37758064,0.4461232,0.6360473,0.20086959,0.5665457,0.725875,0.3345247,0.2365721,0.72013557,0.7111631,0.43565336,0.5927196,0.9309808,0.587453,0.62306994,0.8995304,0.26799467,0.6596413,0.0,0.0,0.0,0.0,0.0,0.0,0.0,0.0,0.0,0.0,0.0,0.0,0.0,0.0,0.0,0.0,0.0,0.0,0.0,0.0,0.0,0.5147313,0.14750613,0.9348835,0.57770693,0.14777671,0.93125534,0.45193848,0.2052974,0.867263,0.6089466,0.18445839,0.25944805,0.0,0.0,0.0,0.0,0.0,0.0,0.0,0.0,0.0,0.0,0.0,0.0,0.0,0.0,0.0,0.0,0.0,0.0
2023:03:01:20:18:32,down_150_1t_,4.391534328460693,124.28308525595679,88.09197517178669,-1,-1,0.54646724,0.18928516,0.9628653,0.55023444,0.43570453,0.7822938,0.39339516,0.4617474,0.59218276,0.21277308,0.52446574,0.7102873,0.3540084,0.16337278,0.60108274,0.70328945,0.42501256,0.66008455,0.9309483,0.51414543,0.6767999,0.840739,0.18967386,0.66162175,0.0,0.0,0.0,0.0,0.0,0.0,0.0,0.0,0.0,0.0,0.0,0.0,0.0,0.0,0.0,0.0,0.0,0.0,0.0,0.0,0.0,0.5147147,0.14774361,0.9384546,0.57758987,0.14775263,0.92397815,0.45190868,0.22081083,0.88163877,0.6052587,0.18430342,0.2564973,0.0,0.0,0.0,0.0,0.0,0.0,0.0,0.0,0.0,0.0,0.0,0.0,0.0,0.0,0.0,0.0,0.0,0.0
2023:03:01:20:18:32,down_150_1t_,4.453373432159424,114.88654929443254,85.01550798662109,-1,-1,0.5462737,0.18927296,0.9774985,0.5541139,0.43547165,0.7976854,0.39335936,0.4512562,0.6137034,0.24028361,0.4880417,0.6889159,0.3891444,0.06389129,0.38922444,0.7071558,0.4198369,0.68447006,0.9112774,0.4774218,0.65653056,0.7975726,0.15804118,0.6054438,0.6208469,0.9486952,0.05327301,0.4953151,0.95914,0.054688837,0.0,0.0,0.0,0.0,0.0,0.0,0.73859495,0.9067994,0.056425218,0.0,0.0,0.0,0.0,0.0,0.0,0.510854,0.14785385,0.91692245,0.5738489,0.14777252,0.91381085,0.45193064,0.22589865,0.90410423,0.6050115,0.18938823,0.27171478,0.0,0.0,0.0,0.0,0.0,0.0,0.0,0.0,0.0,0.0,0.0,0.0,0.0,0.0,0.0,0.0,0.0,0.0
2023:03:01:20:18:32,down_150_1t_,4.517205476760864,116.44558092804532,88.47241035471875,-1,-1,0.5461711,0.18448028,0.9671167,0.55030364,0.43026638,0.7898617,0.39333066,0.45130613,0.5800494,0.2597479,0.4931339,0.6113614,0.36196104,0.15808836,0.3262186,0.7032582,0.39894795,0.70468706,0.899577,0.456617,0.65374756,0.76999944,0.14765449,0.6652433,0.6403808,0.90158397,0.10012899,0.5187765,0.90676886,0.101187445,0.0,0.0,0.0,0.0,0.0,0.0,0.75433236,0.8597197,0.10631048,0.0,0.0,0.0,0.0,0.0,0.0,0.5070214,0.14794752,0.8965907,0.57371515,0.14792107,0.8880417,0.45197254,0.22610179,0.93058634,0.60116035,0.18975678,0.32770988,0.0,0.0,0.0,0.0,0.0,0.0,0.0,0.0,0.0,0.0,0.0,0.0,0.0,0.0,0.0,0.0,0.0,0.0
2023:03:01:20:18:32,down_150_1t_,4.575055122375488,108.17687106733511,82.47129791473856,-1,-1,0.5424608,0.18938515,0.95826167,0.5502245,0.41984704,0.7870639,0.39337295,0.44624448,0.5901266,0.2677567,0.4879675,0.59459454,0.38540906,0.22094043,0.40125617,0.69925416,0.3936878,0.75061494,0.89570636,0.4356233,0.71747124,0.7348204,0.14751859,0.60942966,0.6443723,0.8806462,0.13958006,0.5267104,0.8963162,0.12575144,0.0,0.0,0.0,0.0,0.0,0.0,0.7621545,0.8492257,0.14250958,0.0,0.0,0.0,0.0,0.0,0.0,0.5031057,0.15298349,0.8761848,0.5698373,0.15277518,0.8712461,0.44805893,0.22615826,0.87261426,0.60117424,0.18968238,0.2892205,0.0,0.0,0.0,0.0,0.0,0.0,0.0,0.0,0.0,0.0,0.0,0.0,0.0,0.0,0.0,0.0,0.0,0.0
2023:03:01:20:18:32,down_150_1t_,4.6348981857299805,104.56575965013928,85.72568309245304,-1,-1,0.542438,0.18932286,0.9583478,0.55022335,0.4197935,0.7397535,0.3972358,0.44606277,0.5672889,0.26767653,0.5036762,0.5165143,0.37368187,0.20004395,0.36710092,0.6992804,0.39359808,0.71174014,0.89947003,0.4356457,0.7204355,0.71907103,0.14753394,0.6884467,0.6366139,0.8701274,0.10359949,0.51880515,0.8806548,0.09865805,0.0,0.0,0.0,0.0,0.0,0.0,0.7543059,0.8334859,0.1055872,0.0,0.0,0.0,0.0,0.0,0.0,0.5031482,0.15290193,0.87662613,0.56986105,0.14795107,0.8715972,0.44433245,0.22624958,0.87660015,0.6011618,0.19484603,0.409471,0.0,0.0,0.0,0.0,0.0,0.0,0.0,0.0,0.0,0.0,0.0,0.0,0.0,0.0,0.0,0.0,0.0,0.0
2023:03:01:20:18:32,down_150_1t_,4.696736812591553,104.66690208150284,85.60601184449068,-1,-1,0.5461449,0.18446453,0.9630083,0.55016434,0.40939686,0.7689626,0.3971109,0.44094652,0.6135187,0.26776403,0.5036851,0.57459855,0.3657878,0.1948479,0.4404932,0.6954404,0.38855854,0.7111277,0.8877503,0.4410768,0.70000404,0.72291625,0.14755978,0.69589734,0.6364941,0.8753566,0.10939167,0.51498085,0.8858817,0.103549264,0.0,0.0,0.0,0.0,0.0,0.0,0.7503579,0.82832223,0.11461136,0.0,0.0,0.0,0.0,0.0,0.0,0.5070281,0.147933,0.89658046,0.5699158,0.14790256,0.8771496,0.44823822,0.22622237,0.89829826,0.5973066,0.19486849,0.35606182,0.0,0.0,0.0,0.0,0.0,0.0,0.0,0.0,0.0,0.0,0.0,0.0,0.0,0.0,0.0,0.0,0.0,0.0
2023:03:01:20:18:33,down_150_1t_,4.760570526123047,103.63102989350391,78.33950671689848,-1,-1,0.54615295,0.18446828,0.9621142,0.5502452,0.41470206,0.74840814,0.40104768,0.4513361,0.5475882,0.2716945,0.5087789,0.5931029,0.3891412,0.13195878,0.5452021,0.6992269,0.3934536,0.7079634,0.876007,0.46177098,0.65506697,0.7229416,0.14779584,0.7451074,0.6326223,0.8962999,0.07616443,0.5149682,0.91202396,0.072349176,0.0,0.0,0.0,0.0,0.0,0.0,0.7464357,0.85440236,0.08554522,0.0,0.0,0.0,0.0,0.0,0.0,0.5070153,0.1478785,0.90393686,0.57362646,0.14783904,0.88002586,0.45194504,0.22612283,0.91336733,0.5973093,0.1947601,0.22904703,0.0,0.0,0.0,0.0,0.0,0.0,0.0,0.0,0.0,0.0,0.0,0.0,0.0,0.0,0.0,0.0,0.0,0.0
2023:03:01:20:18:33,down_150_1t_,4.820413827896118,100.73706046198798,85.34212941110569,-1,-1,0.54615986,0.18453418,0.96362007,0.55020547,0.40436482,0.79050326,0.3971636,0.4408247,0.6206686,0.2715328,0.5140508,0.5751511,0.3657677,0.23665687,0.3544289,0.6993367,0.38849974,0.7224334,0.87984765,0.47213838,0.65791076,0.71900237,0.14747725,0.7389789,0.6208449,0.8649463,0.09078764,0.5109979,0.88060623,0.090782866,0.0,0.0,0.0,0.0,0.0,0.0,0.73867977,0.82830316,0.100133665,0.0,0.0,0.0,0.0,0.0,0.0,0.5070074,0.14787523,0.9033569,0.5736438,0.14782703,0.88426286,0.45198026,0.22613342,0.917543,0.60116404,0.18967827,0.25094023,0.0,0.0,0.0,0.0,0.0,0.0,0.0,0.0,0.0,0.0,0.0,0.0,0.0,0.0,0.0,0.0,0.0,0.0
2023:03:01:20:18:33,down_150_1t_,4.878262519836426,102.58848780483989,83.52946658197106,-1,-1,0.5461721,0.18452567,0.965845,0.5502957,0.40418983,0.805772,0.39718318,0.44084695,0.62315124,0.2716776,0.49843964,0.57630986,0.36571178,0.18428837,0.47991946,0.70309764,0.3832862,0.7394137,0.8720144,0.47732934,0.65370536,0.72287154,0.14773917,0.7218897,0.63648134,0.85448104,0.093054645,0.51882726,0.8701228,0.093905546,0.0,0.0,0.0,0.0,0.0,0.0,0.7465033,0.81783295,0.10542024,0.0,0.0,0.0,0.0,0.0,0.0,0.50704473,0.14784434,0.91060096,0.5737116,0.14791659,0.8845697,0.45199504,0.22615458,0.92880595,0.601147,0.19476536,0.25215968,0.0,0.0,0.0,0.0,0.0,0.0,0.0,0.0,0.0,0.0,0.0,0.0,0.0,0.0,0.0,0.0,0.0,0.0
2023:03:01:20:18:33,down_150_1t_,4.940101146697998,99.63588245250669,85.74510613702239,-1,-1,0.54614925,0.18449481,0.9620569,0.5501196,0.40419188,0.8137898,0.3931504,0.4357117,0.6741964,0.2676791,0.5140493,0.61471415,0.36184192,0.18432552,0.54879117,0.7031546,0.3885101,0.7722436,0.8760468,0.47726747,0.6530336,0.7190776,0.14783214,0.6544699,0.0,0.0,0.0,0.0,0.0,0.0,0.0,0.0,0.0,0.0,0.0,0.0,0.0,0.0,0.0,0.0,0.0,0.0,0.0,0.0,0.0,0.5070456,0.14789379,0.9061373,0.57369953,0.14787939,0.8859629,0.4519137,0.2260383,0.91438556,0.60120547,0.20000958,0.3967736,0.0,0.0,0.0,0.0,0.0,0.0,0.0,0.0,0.0,0.0,0.0,0.0,0.0,0.0,0.0,0.0,0.0,0.0
2023:03:01:20:18:33,down_150_1t_,5.003934144973755,109.06643345731392,91.06797794729547,-1,-1,0.5461069,0.18452954,0.9567954,0.54622567,0.42514974,0.7682378,0.39320508,0.44104213,0.6063188,0.26756224,0.5194885,0.6258236,0.35784003,0.15290616,0.61506784,0.6954594,0.39878452,0.72943115,0.8916066,0.4722059,0.7080064,0.7346129,0.15289438,0.70738095,0.0,0.0,0.0,0.0,0.0,0.0,0.0,0.0,0.0,0.0,0.0,0.0,0.0,0.0,0.0,0.0,0.0,0.0,0.0,0.0,0.0,0.50696,0.1479321,0.89417374,0.5736087,0.14785703,0.879007,0.45189437,0.22603346,0.9113545,0.5973446,0.19482467,0.29063156,0.0,0.0,0.0,0.0,0.0,0.0,0.0,0.0,0.0,0.0,0.0,0.0,0.0,0.0,0.0,0.0,0.0,0.0
2023:03:01:20:18:33,down_150_1t_,5.061783313751221,108.79957259932202,87.6284500425638,-1,-1,0.5424293,0.18933618,0.9479387,0.5502582,0.43576717,0.7756859,0.40505794,0.4721538,0.5330106,0.2597203,0.529851,0.6407828,0.3422171,0.16862251,0.7091076,0.6992766,0.4093399,0.67525125,0.8917497,0.47734138,0.70144796,0.738725,0.15283607,0.68285257,0.0,0.0,0.0,0.0,0.0,0.0,0.0,0.0,0.0,0.0,0.0,0.0,0.0,0.0,0.0,0.0,0.0,0.0,0.0,0.0,0.0,0.50313735,0.14792077,0.8929061,0.56987065,0.14779596,0.88325965,0.44820425,0.22613771,0.9131042,0.60120815,0.19469047,0.4013247,0.0,0.0,0.0,0.0,0.0,0.0,0.0,0.0,0.0,0.0,0.0,0.0,0.0,0.0,0.0,0.0,0.0,0.0
2023:03:01:20:18:33,down_150_1t_,5.119632720947266,111.80170487641205,95.7349069869535,-1,-1,0.5422832,0.18930022,0.92771715,0.5463094,0.43564504,0.7980988,0.39327,0.45646846,0.59150994,0.24027984,0.5351706,0.63735795,0.3305062,0.1947027,0.7099407,0.69932485,0.41472924,0.6721839,0.8995772,0.4775816,0.69472414,0.7581776,0.1790017,0.6406059,0.0,0.0,0.0,0.0,0.0,0.0,0.0,0.0,0.0,0.0,0.0,0.0,0.0,0.0,0.0,0.0,0.0,0.0,0.0,0.0,0.0,0.4992812,0.14784466,0.89348954,0.56975454,0.14779846,0.8771384,0.44818336,0.2260207,0.8957177,0.5973631,0.19474043,0.4863695,0.0,0.0,0.0,0.0,0.0,0.0,0.0,0.0,0.0,0.0,0.0,0.0,0.0,0.0,0.0,0.0,0.0,0.0
2023:03:01:20:18:33,down_150_1t_,5.181470632553101,112.01549267997656,94.77806283867899,-1,-1,0.538419,0.18929648,0.91141146,0.5463676,0.44061372,0.829817,0.38543347,0.46169645,0.6578539,0.23236753,0.5718361,0.65038836,0.3263567,0.18940915,0.8020493,0.70325667,0.4250556,0.6978911,0.91522616,0.48277277,0.71664757,0.7739459,0.18413208,0.67748773,0.0,0.0,0.0,0.0,0.0,0.0,0.0,0.0,0.0,0.0,0.0,0.0,0.0,0.0,0.0,0.0,0.0,0.0,0.0,0.0,0.0,0.49527594,0.152878,0.8892716,0.5620772,0.14788145,0.8693238,0.44818458,0.22609968,0.9109459,0.6012048,0.21573626,0.67177945,0.0,0.0,0.0,0.0,0.0,0.0,0.0,0.0,0.0,0.0,0.0,0.0,0.0,0.0,0.0,0.0,0.0,0.0
2023:03:01:20:18:33,down_150_1t_,5.2453038692474365,112.95715846946207,100.12759909930297,-1,-1,0.5344948,0.1844932,0.90861535,0.5461945,0.44082856,0.83801913,0.37365094,0.4618116,0.66401994,0.23231122,0.62936085,0.41092682,0.3029754,0.23152375,0.7815024,0.7072072,0.4304541,0.7247796,0.9230914,0.51418847,0.6837227,0.78959966,0.19478984,0.7243203,0.0,0.0,0.0,0.0,0.0,0.0,0.0,0.0,0.0,0.0,0.0,0.0,0.0,0.0,0.0,0.0,0.0,0.0,0.0,0.0,0.0,0.49144638,0.15285836,0.8931472,0.5581779,0.14789933,0.86813915,0.4481149,0.22613932,0.90399206,0.60116994,0.21042761,0.75068694,0.0,0.0,0.0,0.0,0.0,0.0,0.0,0.0,0.0,0.0,0.0,0.0,0.0,0.0,0.0,0.0,0.0,0.0
2023:03:01:20:18:33,down_150_1t_,5.303153038024902,115.70991813409124,101.04344175177906,-1,-1,0.530656,0.18931739,0.90564626,0.55010444,0.44605154,0.83064854,0.38149586,0.47725752,0.70254415,0.23637031,0.634558,0.35779426,0.30306977,0.27845705,0.790309,0.7189532,0.4353668,0.73060656,0.92315894,0.5663738,0.7187866,0.7974947,0.24183653,0.751501,0.0,0.0,0.0,0.0,0.0,0.0,0.0,0.0,0.0,0.0,0.0,0.0,0.0,0.0,0.0,0.0,0.0,0.0,0.0,0.0,0.0,0.4876642,0.15300128,0.9030471,0.5581014,0.14783064,0.88748646,0.4442228,0.22623833,0.8773045,0.5973083,0.20528589,0.7402022,0.0,0.0,0.0,0.0,0.0,0.0,0.0,0.0,0.0,0.0,0.0,0.0,0.0,0.0,0.0,0.0,0.0,0.0
2023:03:01:20:18:33,down_150_1t_,5.362996339797974,116.38885228212335,100.4876813225407,-1,-1,0.53064907,0.1892945,0.90575606,0.5541314,0.44605133,0.8054529,0.38934618,0.47723964,0.689783,0.23636399,0.6084021,0.4582498,0.32244346,0.30479944,0.7875,0.72677904,0.43031973,0.7463274,0.92686737,0.60315824,0.7209023,0.7896044,0.268199,0.79958624,0.0,0.0,0.0,0.0,0.0,0.0,0.0,0.0,0.0,0.0,0.0,0.0,0.0,0.0,0.0,0.0,0.0,0.0,0.0,0.0,0.0,0.48765886,0.15294626,0.90347576,0.5580491,0.1477954,0.8892878,0.4442084,0.22637218,0.88138306,0.5934269,0.21050686,0.74461913,0.0,0.0,0.0,0.0,0.0,0.0,0.0,0.0,0.0,0.0,0.0,0.0,0.0,0.0,0.0,0.0,0.0,0.0
2023:03:01:20:18:33,down_150_1t_,5.422840356826782,117.21023887576922,99.75673094141571,-1,-1,0.530624,0.18931639,0.9054509,0.55018246,0.44601274,0.80979,0.38539416,0.472281,0.65569115,0.23635566,0.60835004,0.3947681,0.32652298,0.2994848,0.81706214,0.71511716,0.4304002,0.7380686,0.9271587,0.60319,0.7138069,0.777903,0.27344653,0.8007123,0.0,0.0,0.0,0.0,0.0,0.0,0.0,0.0,0.0,0.0,0.0,0.0,0.0,0.0,0.0,0.0,0.0,0.0,0.0,0.0,0.0,0.49128926,0.15297069,0.90127575,0.5543097,0.14779298,0.89210075,0.4441862,0.22636075,0.8822535,0.59344035,0.21036717,0.7279171,0.0,0.0,0.0,0.0,0.0,0.0,0.0,0.0,0.0,0.0,0.0,0.0,0.0,0.0,0.0,0.0,0.0,0.0
2023:03:01:20:18:33,down_150_1t_,5.48667311668396,117.19174305601999,99.14455963555908,-1,-1,0.53062314,0.18930034,0.9061493,0.55023956,0.44598556,0.8047045,0.38929304,0.47218013,0.64766115,0.23241082,0.6449586,0.2394863,0.3266978,0.2838866,0.66213256,0.71513796,0.43037266,0.73016495,0.9308803,0.5979257,0.68989086,0.77786237,0.27341533,0.8125989,0.0,0.0,0.0,0.0,0.0,0.0,0.0,0.0,0.0,0.0,0.0,0.0,0.0,0.0,0.0,0.0,0.0,0.0,0.0,0.0,0.0,0.4913005,0.15296564,0.9005479,0.55803525,0.14781292,0.88625145,0.44040316,0.22626853,0.8801892,0.59343594,0.20524622,0.73323196,0.0,0.0,0.0,0.0,0.0,0.0,0.0,0.0,0.0,0.0,0.0,0.0,0.0,0.0,0.0,0.0,0.0,0.0
2023:03:01:20:18:33,down_150_1t_,5.544522285461426,115.96583742353138,99.18200748135406,-1,-1,0.53447616,0.18945743,0.8993289,0.55026585,0.44603482,0.8146941,0.38929042,0.47218177,0.6760461,0.263709,0.57170874,0.3683808,0.32656246,0.28370118,0.79775095,0.7151516,0.43044713,0.7436051,0.9270858,0.60306615,0.7091567,0.77407676,0.27339104,0.8270462,0.0,0.0,0.0,0.0,0.0,0.0,0.0,0.0,0.0,0.0,0.0,0.0,0.0,0.0,0.0,0.0,0.0,0.0,0.0,0.0,0.0,0.49130026,0.15298247,0.9004341,0.5581152,0.14788586,0.8819481,0.44041497,0.22612461,0.87874985,0.5934788,0.20004067,0.7157309,0.0,0.0,0.0,0.0,0.0,0.0,0.0,0.0,0.0,0.0,0.0,0.0,0.0,0.0,0.0,0.0,0.0,0.0
2023:03:01:20:18:33,down_150_1t_,5.602423667907715,116.6794609218258,99.21963546542862,-1,-1,0.53448373,0.18947074,0.9024661,0.55028,0.44604355,0.8049627,0.3892988,0.47225815,0.6557137,0.23619992,0.6032326,0.44146323,0.3263605,0.28381276,0.78584146,0.71894544,0.43536276,0.73895854,0.93488514,0.59775305,0.6887145,0.7856877,0.27855438,0.7813819,0.0,0.0,0.0,0.0,0.0,0.0,0.0,0.0,0.0,0.0,0.0,0.0,0.0,0.0,0.0,0.0,0.0,0.0,0.0,0.0,0.0,0.49134976,0.15298323,0.8949948,0.55810165,0.14795503,0.87405425,0.44427675,0.2262429,0.88776004,0.5973187,0.20009261,0.72683215,0.0,0.0,0.0,0.0,0.0,0.0,0.0,0.0,0.0,0.0,0.0,0.0,0.0,0.0,0.0,0.0,0.0,0.0
2023:03:01:20:18:33,down_150_1t_,5.664209365844727,117.68494772918338,-1,-1,-1,0.5345193,0.18943919,0.90684885,0.554151,0.44606495,0.81357944,0.3893722,0.4774234,0.7237005,0.35394704,0.728719,0.088408776,0.0,0.0,0.0,0.7268753,0.4303541,0.76069915,0.9271434,0.60329497,0.68629265,0.7896812,0.27863494,0.7873367,0.0,0.0,0.0,0.0,0.0,0.0,0.0,0.0,0.0,0.0,0.0,0.0,0.0,0.0,0.0,0.0,0.0,0.0,0.0,0.0,0.0,0.49135798,0.15306225,0.88913333,0.5581349,0.15278806,0.8735052,0.444307,0.22622038,0.8881539,0.5973659,0.20525104,0.71719456,0.0,0.0,0.0,0.0,0.0,0.0,0.0,0.0,0.0,0.0,0.0,0.0,0.0,0.0,0.0,0.0,0.0,0.0
2023:03:01:20:18:34,down_150_1t_,5.726048469543457,120.38108269808318,106.81661300900822,-1,-1,0.5305988,0.1895483,0.90202487,0.55034965,0.44609106,0.82066864,0.38539943,0.47234392,0.7223898,0.23233803,0.60312134,0.33083317,0.29905036,0.29419664,0.7755908,0.7268953,0.4355481,0.76879466,0.93879116,0.60820395,0.7105032,0.80144584,0.28900397,0.81119007,0.0,0.0,0.0,0.0,0.0,0.0,0.0,0.0,0.0,0.0,0.0,0.0,0.0,0.0,0.0,0.0,0.0,0.0,0.0,0.0,0.0,0.49131486,0.158049,0.89279854,0.55801976,0.15292567,0.87843686,0.4443358,0.22620758,0.89312613,0.59346944,0.20531432,0.75749296,0.0,0.0,0.0,0.0,0.0,0.0,0.0,0.0,0.0,0.0,0.0,0.0,0.0,0.0,0.0,0.0,0.0,0.0
2023:03:01:20:18:34,down_150_1t_,5.785892009735107,119.94481673027569,103.84433005394808,-1,-1,0.52662617,0.18958,0.9184594,0.5503888,0.44610423,0.8201729,0.38149714,0.47726595,0.71530694,0.2283414,0.60839087,0.28883064,0.2988904,0.29429737,0.7434355,0.73076826,0.43559065,0.78527546,0.94655687,0.60819906,0.71235216,0.801569,0.29426068,0.80017054,0.0,0.0,0.0,0.0,0.0,0.0,0.0,0.0,0.0,0.0,0.0,0.0,0.0,0.0,0.0,0.0,0.0,0.0,0.0,0.0,0.0,0.48756889,0.15810344,0.8978927,0.55415595,0.15282954,0.89629924,0.44425508,0.22608434,0.8841278,0.5973107,0.19996656,0.7968345,0.0,0.0,0.0,0.0,0.0,0.0,0.0,0.0,0.0,0.0,0.0,0.0,0.0,0.0,0.0,0.0,0.0,0.0
2023:03:01:20:18:34,down_150_1t_,5.843740940093994,125.47535396937354,102.64707315966818,-1,-1,0.5189633,0.18975087,0.9395534,0.55028945,0.44615152,0.82281137,0.37369305,0.47727644,0.70551634,0.3225486,0.7235669,0.11814229,0.29515517,0.28899723,0.6867556,0.73078454,0.4356299,0.78318346,0.9466529,0.60331863,0.726125,0.8131479,0.30453068,0.7904037,0.0,0.0,0.0,0.0,0.0,0.0,0.0,0.0,0.0,0.0,0.0,0.0,0.0,0.0,0.0,0.0,0.0,0.0,0.0,0.0,0.0,0.48730317,0.15819733,0.9027671,0.5502773,0.15283214,0.91818374,0.44422027,0.22602151,0.8802234,0.5973199,0.20002398,0.8059066,0.0,0.0,0.0,0.0,0.0,0.0,0.0,0.0,0.0,0.0,0.0,0.0,0.0,0.0,0.0,0.0,0.0,0.0
2023:03:01:20:18:34,down_150_1t_,5.905579566955566,121.23986931079062,100.70141929994625,-1,-1,0.518797,0.1946574,0.94350547,0.55031806,0.44615558,0.8133123,0.38147238,0.4772614,0.6766645,0.23222198,0.6031175,0.3439973,0.3147424,0.30468333,0.58755684,0.7268833,0.43558595,0.7778073,0.93089557,0.6084335,0.6804074,0.8014638,0.29421574,0.8042504,0.0,0.0,0.0,0.0,0.0,0.0,0.0,0.0,0.0,0.0,0.0,0.0,0.0,0.0,0.0,0.0,0.0,0.0,0.0,0.0,0.0,0.48363608,0.15815073,0.904343,0.55020016,0.15279427,0.9205619,0.44420743,0.2258983,0.87386584,0.59738004,0.20519802,0.8072957,0.0,0.0,0.0,0.0,0.0,0.0,0.0,0.0,0.0,0.0,0.0,0.0,0.0,0.0,0.0,0.0,0.0,0.0
2023:03:01:20:18:34,down_150_1t_,5.969412565231323,115.6915923703661,96.67162848754838,-1,-1,0.51878303,0.18982968,0.9410927,0.5503524,0.44102922,0.81480587,0.38930774,0.46708822,0.6552762,0.24414138,0.5508305,0.38814187,0.3461616,0.31525168,0.4432356,0.71900463,0.43533063,0.7376046,0.93094385,0.5978897,0.711825,0.7856657,0.28387746,0.75415444,0.0,0.0,0.0,0.0,0.0,0.0,0.0,0.0,0.0,0.0,0.0,0.0,0.0,0.0,0.0,0.0,0.0,0.0,0.0,0.0,0.0,0.48363984,0.15807341,0.90509284,0.5501753,0.15286016,0.91883504,0.44427094,0.22099741,0.869702,0.60115004,0.2052267,0.8109163,0.0,0.0,0.0,0.0,0.0,0.0,0.0,0.0,0.0,0.0,0.0,0.0,0.0,0.0,0.0,0.0,0.0,0.0
2023:03:01:20:18:34,down_150_1t_,6.027261734008789,108.83625499446606,100.20786710162074,-1,-1,0.5187688,0.19467147,0.944212,0.54241997,0.4302868,0.7534677,0.37759236,0.4146729,0.56140167,0.26377606,0.5455163,0.28009155,0.36574936,0.2735341,0.74300855,0.7071991,0.43542334,0.7010581,0.9271599,0.6031439,0.71691805,0.7662222,0.27857554,0.8234298,0.0,0.0,0.0,0.0,0.0,0.0,0.0,0.0,0.0,0.0,0.0,0.0,0.0,0.0,0.0,0.0,0.0,0.0,0.0,0.0,0.0,0.48360747,0.15819934,0.89988023,0.5501974,0.1528926,0.9143918,0.44813368,0.22090958,0.8691254,0.5973779,0.20007919,0.81010205,0.0,0.0,0.0,0.0,0.0,0.0,0.0,0.0,0.0,0.0,0.0,0.0,0.0,0.0,0.0,0.0,0.0,0.0
2023:03:01:20:18:34,down_150_1t_,6.08710503578186,105.32092528371328,102.39567863972624,-1,-1,0.518778,0.19469553,0.94242823,0.5423928,0.41991013,0.73728174,0.38144445,0.40419945,0.6059007,0.23234919,0.6136813,0.3003114,0.36579508,0.27335835,0.807346,0.70708853,0.43535846,0.7150006,0.9308624,0.5978985,0.72029245,0.76624215,0.2786438,0.81590253,0.0,0.0,0.0,0.0,0.0,0.0,0.0,0.0,0.0,0.0,0.0,0.0,0.0,0.0,0.0,0.0,0.0,0.0,0.0,0.0,0.0,0.48361522,0.15817507,0.90026486,0.55023324,0.15289877,0.90832007,0.44811767,0.22085893,0.85882384,0.60117054,0.20012511,0.80962837,0.0,0.0,0.0,0.0,0.0,0.0,0.0,0.0,0.0,0.0,0.0,0.0,0.0,0.0,0.0,0.0,0.0,0.0
2023:03:01:20:18:34,down_150_1t_,6.1489434242248535,112.49579419936676,87.99066522962809,-1,-1,0.51882434,0.19467863,0.94238913,0.55010355,0.43556836,0.8119844,0.38143417,0.4355918,0.559804,0.36573243,0.26263297,0.47536254,0.39314237,0.100543775,0.13241541,0.7112163,0.43028438,0.72550637,0.93484586,0.59786344,0.7072945,0.77020764,0.27348456,0.82386947,0.0,0.0,0.0,0.0,0.0,0.0,0.0,0.0,0.0,0.0,0.0,0.0,0.0,0.0,0.0,0.0,0.0,0.0,0.0,0.0,0.0,0.4836621,0.15813899,0.9047111,0.5502785,0.152838,0.91198534,0.44809613,0.2156489,0.8286363,0.60127205,0.2000792,0.8197469,0.0,0.0,0.0,0.0,0.0,0.0,0.0,0.0,0.0,0.0,0.0,0.0,0.0,0.0,0.0,0.0,0.0,0.0
2023:03:01:20:18:34,down_150_1t_,6.210782289505005,118.74463047136969,98.86898049646031,-1,-1,0.51884156,0.18983471,0.9451581,0.5504184,0.44605947,0.8163961,0.38923398,0.4721677,0.7005893,0.21664238,0.6921414,0.12631506,0.32264924,0.26808596,0.6309366,0.7268691,0.4356554,0.7608422,0.94659185,0.6029659,0.70977163,0.80138546,0.27851343,0.8168206,0.0,0.0,0.0,0.0,0.0,0.0,0.0,0.0,0.0,0.0,0.0,0.0,0.0,0.0,0.0,0.0,0.0,0.0,0.0,0.0,0.0,0.48367637,0.15819255,0.89854693,0.5503226,0.15290116,0.9022199,0.44423163,0.2208606,0.8620107,0.6050153,0.20528653,0.82580775,0.0,0.0,0.0,0.0,0.0,0.0,0.0,0.0,0.0,0.0,0.0,0.0,0.0,0.0,0.0,0.0,0.0,0.0
2023:03:01:20:18:34,down_150_1t_,6.270625591278076,122.6951076654885,-1,-1,-1,0.51885104,0.19465138,0.94290453,0.5502529,0.44619194,0.8144033,0.37362665,0.47721773,0.70087165,0.3186815,0.7339606,0.09477089,0.0,0.0,0.0,0.7307896,0.44074643,0.74762464,0.95428216,0.6032381,0.7425009,0.8249439,0.28384537,0.7736632,0.0,0.0,0.0,0.0,0.0,0.0,0.0,0.0,0.0,0.0,0.0,0.0,0.0,0.0,0.0,0.0,0.0,0.0,0.0,0.0,0.0,0.48726988,0.15817103,0.8967214,0.5503169,0.15286027,0.9080862,0.4442951,0.22087722,0.86600256,0.60503435,0.2052944,0.8290248,0.0,0.0,0.0,0.0,0.0,0.0,0.0,0.0,0.0,0.0,0.0,0.0,0.0,0.0,0.0,0.0,0.0,0.0
2023:03:01:20:18:34,down_150_1t_,6.328474998474121,124.59624957273228,-1,-1,-1,0.5188256,0.19466987,0.94412094,0.55031294,0.4462786,0.8074448,0.36971602,0.47741333,0.7085481,0.3186027,0.68169206,0.06253024,0.0,0.0,0.0,0.734594,0.4408698,0.75008184,0.9545376,0.6033058,0.76108193,0.8328677,0.2890493,0.79452056,0.0,0.0,0.0,0.0,0.0,0.0,0.0,0.0,0.0,0.0,0.0,0.0,0.0,0.0,0.0,0.0,0.0,0.0,0.0,0.0,0.0,0.4836781,0.1581932,0.8943846,0.5503077,0.15287483,0.90899366,0.44429028,0.22090854,0.8713192,0.60503936,0.20529799,0.8338707,0.0,0.0,0.0,0.0,0.0,0.0,0.0,0.0,0.0,0.0,0.0,0.0,0.0,0.0,0.0,0.0,0.0,0.0
2023:03:01:20:18:34,down_150_1t_,6.390313386917114,126.09566728185688,108.93370850175266,-1,-1,0.5188156,0.19470093,0.94129276,0.5503261,0.45127848,0.79854137,0.3697653,0.4774179,0.7019812,0.22054246,0.5770131,0.24404335,0.26762792,0.27843297,0.72878975,0.7346035,0.44089684,0.74653065,0.954427,0.60330933,0.7481537,0.83276135,0.2890006,0.80596864,0.0,0.0,0.0,0.0,0.0,0.0,0.0,0.0,0.0,0.0,0.0,0.0,0.0,0.0,0.0,0.0,0.0,0.0,0.0,0.0,0.0,0.48367223,0.16325405,0.8940259,0.5502615,0.15286596,0.9121832,0.44429758,0.2209768,0.8778636,0.60505503,0.20517342,0.83923125,0.0,0.0,0.0,0.0,0.0,0.0,0.0,0.0,0.0,0.0,0.0,0.0,0.0,0.0,0.0,0.0,0.0,0.0
2023:03:01:20:18:34,down_150_1t_,6.454146146774292,123.57085251909365,106.51269047416773,-1,-1,0.5188234,0.19469646,0.9400417,0.5502606,0.4462427,0.8072913,0.36971098,0.4772937,0.7018774,0.22837013,0.59260434,0.19211252,0.27938497,0.29429966,0.54845226,0.73460865,0.44072458,0.768898,0.9505503,0.603316,0.74095076,0.8288614,0.28904358,0.7826833,0.0,0.0,0.0,0.0,0.0,0.0,0.0,0.0,0.0,0.0,0.0,0.0,0.0,0.0,0.0,0.0,0.0,0.0,0.0,0.0,0.0,0.4836724,0.1582366,0.8935161,0.55026114,0.15285929,0.9113683,0.44432166,0.2209815,0.87703955,0.60504496,0.20012522,0.8374185,0.0,0.0,0.0,0.0,0.0,0.0,0.0,0.0,0.0,0.0,0.0,0.0,0.0,0.0,0.0,0.0,0.0,0.0
2023:03:01:20:18:34,down_150_1t_,6.511995077133179,120.82039521052802,98.04564013634256,-1,-1,0.5188005,0.19471166,0.9397523,0.554101,0.44618168,0.80840224,0.3853553,0.47737166,0.7068242,0.2402781,0.59267277,0.15694927,0.3187309,0.27845624,0.64114463,0.730747,0.43553057,0.78016376,0.9504255,0.60316217,0.7347214,0.8092491,0.28388935,0.77050185,0.0,0.0,0.0,0.0,0.0,0.0,0.0,0.0,0.0,0.0,0.0,0.0,0.0,0.0,0.0,0.0,0.0,0.0,0.0,0.0,0.0,0.4836383,0.16325696,0.89835596,0.55023205,0.15282917,0.91801625,0.4443128,0.22588177,0.8803101,0.6050431,0.2000577,0.83993196,0.0,0.0,0.0,0.0,0.0,0.0,0.0,0.0,0.0,0.0,0.0,0.0,0.0,0.0,0.0,0.0,0.0,0.0
2023:03:01:20:18:34,down_150_1t_,6.571839094161987,117.96802606071243,83.94753019886612,-1,-1,0.5187982,0.19469403,0.9421198,0.5502924,0.4409303,0.79199153,0.37366077,0.46179447,0.4626404,0.36573705,0.25757533,0.562175,0.36965904,0.12671559,0.24918373,0.71905994,0.4354742,0.74006027,0.9426392,0.6032475,0.6927243,0.7934539,0.28372687,0.7672326,0.0,0.0,0.0,0.0,0.0,0.0,0.0,0.0,0.0,0.0,0.0,0.0,0.0,0.0,0.0,0.0,0.0,0.0,0.0,0.0,0.0,0.48361245,0.15818094,0.9037992,0.55027544,0.15284495,0.9174901,0.4443355,0.22079559,0.8417356,0.60131615,0.20011733,0.82488346,0.0,0.0,0.0,0.0,0.0,0.0,0.0,0.0,0.0,0.0,0.0,0.0,0.0,0.0,0.0,0.0,0.0,0.0
2023:03:01:20:18:34,down_150_1t_,6.631683111190796,114.74393131156512,-1,-1,-1,0.51883894,0.19471383,0.9440635,0.54636085,0.430231,0.77371645,0.37365076,0.4094587,0.56540877,0.26766744,0.5245954,0.2579434,0.0,0.0,0.0,0.71126264,0.43541086,0.7206826,0.9466545,0.5927204,0.7005285,0.78177774,0.29424548,0.7648087,0.0,0.0,0.0,0.0,0.0,0.0,0.0,0.0,0.0,0.0,0.0,0.0,0.0,0.0,0.0,0.0,0.0,0.0,0.0,0.0,0.0,0.4836711,0.15822105,0.8968431,0.5503179,0.15292728,0.9013299,0.44808936,0.21570912,0.8537971,0.6050382,0.20516458,0.8282196,0.0,0.0,0.0,0.0,0.0,0.0,0.0,0.0,0.0,0.0,0.0,0.0,0.0,0.0,0.0,0.0,0.0,0.0
2023:03:01:20:18:34,down_150_1t_,6.695516109466553,119.40508452984413,90.12278896872368,-1,-1,0.5189808,0.18981655,0.9331958,0.5462841,0.44068784,0.7423156,0.36183488,0.4357337,0.46608698,0.2677249,0.5246952,0.30077055,0.36584932,0.27330175,0.6244456,0.7150551,0.43573776,0.732329,0.95041287,0.6029151,0.72547215,0.7976272,0.27862817,0.81439465,0.0,0.0,0.0,0.0,0.0,0.0,0.0,0.0,0.0,0.0,0.0,0.0,0.0,0.0,0.0,0.0,0.0,0.0,0.0,0.0,0.0,0.48735854,0.15804024,0.90819275,0.5540949,0.15284629,0.8920931,0.44820654,0.22081675,0.86226,0.6051813,0.20002806,0.8507339,0.0,0.0,0.0,0.0,0.0,0.0,0.0,0.0,0.0,0.0,0.0,0.0,0.0,0.0,0.0,0.0,0.0,0.0
2023:03:01:20:18:35,down_150_1t_,6.755359172821045,128.1932049636841,90.35922285905085,-1,-1,0.5190592,0.1897751,0.9302662,0.5504281,0.4460922,0.7800002,0.37362242,0.46700314,0.5867862,0.20881595,0.64503413,0.50449955,0.35405037,0.30996558,0.3414648,0.73466945,0.43569133,0.7564186,0.9426474,0.6136221,0.5778409,0.84456503,0.2785233,0.6989469,0.0,0.0,0.0,0.0,0.0,0.0,0.0,0.0,0.0,0.0,0.0,0.0,0.0,0.0,0.0,0.0,0.0,0.0,0.0,0.0,0.0,0.4874573,0.15808533,0.90088016,0.5541849,0.15291531,0.8829502,0.4482498,0.22088735,0.8884548,0.60888547,0.2052003,0.85401446,0.0,0.0,0.0,0.0,0.0,0.0,0.0,0.0,0.0,0.0,0.0,0.0,0.0,0.0,0.0,0.0,0.0,0.0
2023:03:01:20:18:35,down_150_1t_,6.813244581222534,136.12071636916858,99.3015367517761,-1,-1,0.5227377,0.18980065,0.9189467,0.5540998,0.44623634,0.7731797,0.38536867,0.47208953,0.6638388,0.2049934,0.6607574,0.565398,0.33442053,0.3154056,0.7164928,0.7307902,0.435793,0.7556968,0.9387502,0.6082884,0.61882985,0.8759775,0.27866518,0.714858,0.0,0.0,0.0,0.0,0.0,0.0,0.0,0.0,0.0,0.0,0.0,0.0,0.0,0.0,0.0,0.0,0.0,0.0,0.0,0.0,0.0,0.4875348,0.15813386,0.8830834,0.5542068,0.1528921,0.8786304,0.44823095,0.22098757,0.89392304,0.6088836,0.20521063,0.85403603,0.0,0.0,0.0,0.0,0.0,0.0,0.0,0.0,0.0,0.0,0.0,0.0,0.0,0.0,0.0,0.0,0.0,0.0
2023:03:01:20:18:35,down_150_1t_,6.875107049942017,146.1607470675278,111.52808879002758,-1,-1,0.52279794,0.18981327,0.9115471,0.5542799,0.4462753,0.7755785,0.38541967,0.4722223,0.7230774,0.2047708,0.7078375,0.1850871,0.33039376,0.37792006,0.7095757,0.73457736,0.4408582,0.7631657,0.92699915,0.6293426,0.55249536,0.95425695,0.2838137,0.7283418,0.0,0.0,0.0,0.0,0.0,0.0,0.0,0.0,0.0,0.0,0.0,0.0,0.0,0.0,0.0,0.0,0.0,0.0,0.0,0.0,0.0,0.48759496,0.1530413,0.890234,0.5542844,0.15295786,0.86967444,0.4482644,0.22084092,0.88557243,0.6089163,0.21037981,0.8555034,0.0,0.0,0.0,0.0,0.0,0.0,0.0,0.0,0.0,0.0,0.0,0.0,0.0,0.0,0.0,0.0,0.0,0.0
2023:03:01:20:18:35,down_150_1t_,6.936885595321655,169.03365936715278,157.05501746969264,-1,-1,0.5228301,0.18962097,0.9263593,0.55815613,0.45131963,0.73321635,0.39316425,0.4775429,0.56122243,0.17344385,0.7968408,0.15713702,0.33450148,0.5141651,0.69480824,0.730711,0.44072354,0.74914116,0.8995035,0.61377215,0.6318066,0.9937987,0.37278095,0.5340539,0.0,0.0,0.0,0.0,0.0,0.0,0.0,0.0,0.0,0.0,0.0,0.0,0.0,0.0,0.0,0.0,0.0,0.0,0.0,0.0,0.0,0.4876476,0.15301411,0.89474773,0.5542493,0.1528744,0.8804175,0.44825178,0.2209985,0.9019345,0.60524404,0.20532922,0.8477114,0.0,0.0,0.0,0.0,0.0,0.0,0.0,0.0,0.0,0.0,0.0,0.0,0.0,0.0,0.0,0.0,0.0,0.0
2023:03:01:20:18:35,down_150_1t_,6.993772029876709,-1,-1,-1,-1,0.52279764,0.1895293,0.9326979,0.5502516,0.44607586,0.8007944,0.3696722,0.477459,0.6598421,0.20089084,0.76536876,0.23595977,0.0,0.0,0.0,0.7267614,0.43580407,0.72190464,0.88770264,0.59273463,0.52236295,0.99383575,0.5507603,0.08751826,0.0,0.0,0.0,0.0,0.0,0.0,0.0,0.0,0.0,0.0,0.0,0.0,0.0,0.0,0.0,0.0,0.0,0.0,0.0,0.0,0.0,0.48758912,0.15294807,0.91214937,0.55424005,0.14782403,0.89739364,0.44819945,0.22096348,0.8927248,0.6088868,0.20517226,0.85120004,0.0,0.0,0.0,0.0,0.0,0.0,0.0,0.0,0.0,0.0,0.0,0.0,0.0,0.0,0.0,0.0,0.0,0.0
2023:03:01:20:18:35,down_150_1t_,7.05258321762085,150.1705217122367,66.91869143768069,-1,-1,0.52286565,0.18447803,0.9348235,0.5502469,0.4461986,0.82397205,0.36590093,0.47743317,0.7418821,0.24020457,0.7288414,0.51145947,0.4835546,0.66071266,0.35053164,0.73062766,0.43548846,0.7384001,0.87995166,0.5613597,0.6222168,0.9938214,0.56631947,0.10413113,0.0,0.0,0.0,0.0,0.0,0.0,0.0,0.0,0.0,0.0,0.0,0.0,0.0,0.0,0.0,0.0,0.0,0.0,0.0,0.0,0.0,0.48759782,0.14789699,0.9285878,0.554263,0.14768972,0.9086757,0.44816056,0.22095919,0.88957435,0.6052242,0.2052227,0.8434864,0.0,0.0,0.0,0.0,0.0,0.0,0.0,0.0,0.0,0.0,0.0,0.0,0.0,0.0,0.0,0.0,0.0,0.0
2023:03:01:20:18:35,down_150_1t_,7.112427234649658,149.1629175728457,-1,-1,-1,0.52287734,0.1842914,0.9263604,0.55018467,0.4462128,0.816882,0.3657787,0.47758487,0.7564161,0.24417372,0.7234981,0.40898308,0.0,0.0,0.0,0.7306971,0.43541956,0.7399986,0.88382876,0.56113803,0.60780394,0.9938198,0.57189864,0.1152451,0.0,0.0,0.0,0.0,0.0,0.0,0.0,0.0,0.0,0.0,0.0,0.0,0.0,0.0,0.0,0.0,0.0,0.0,0.0,0.0,0.0,0.48761407,0.14774182,0.9452043,0.55424374,0.14745952,0.9210173,0.4481607,0.22096854,0.88831306,0.6052391,0.1999887,0.855706,0.0,0.0,0.0,0.0,0.0,0.0,0.0,0.0,0.0,0.0,0.0,0.0,0.0,0.0,0.0,0.0,0.0,0.0
2023:03:01:20:18:35,down_150_1t_,7.174265384674072,145.4005577615525,-1,-1,-1,0.5267024,0.18410067,0.9053789,0.5464637,0.44612822,0.81485015,0.3657153,0.4774429,0.75440896,0.24804215,0.7287612,0.42103243,0.0,0.0,0.0,0.7268599,0.43043476,0.71302164,0.8682232,0.5559245,0.5773149,0.99382657,0.58226275,0.13025123,0.0,0.0,0.0,0.0,0.0,0.0,0.0,0.0,0.0,0.0,0.0,0.0,0.0,0.0,0.0,0.0,0.0,0.0,0.0,0.0,0.0,0.48765156,0.14757644,0.96176815,0.5580786,0.14255717,0.9076483,0.4482023,0.22101787,0.89273906,0.60889524,0.21038075,0.8616978,0.0,0.0,0.0,0.0,0.0,0.0,0.0,0.0,0.0,0.0,0.0,0.0,0.0,0.0,0.0,0.0,0.0,0.0
2023:03:01:20:18:35,down_150_1t_,7.232114791870117,140.9865509974161,-1,-1,-1,0.53063303,0.1840631,0.8845427,0.55019224,0.44613007,0.8204583,0.36577624,0.4774349,0.74398106,0.2480697,0.71311295,0.37707764,0.0,0.0,0.0,0.7306761,0.43044648,0.7325778,0.8681725,0.5612968,0.58549476,0.9938261,0.60825807,0.15988873,0.0,0.0,0.0,0.0,0.0,0.0,0.0,0.0,0.0,0.0,0.0,0.0,0.0,0.0,0.0,0.0,0.0,0.0,0.0,0.0,0.0,0.49138215,0.14757755,0.95053697,0.55818594,0.14258781,0.89501977,0.44821906,0.22103792,0.89628744,0.6089037,0.20520109,0.859695,0.0,0.0,0.0,0.0,0.0,0.0,0.0,0.0,0.0,0.0,0.0,0.0,0.0,0.0,0.0,0.0,0.0,0.0
2023:03:01:20:18:35,down_150_1t_,7.287968397140503,142.48313386156653,-1,-1,-1,0.5383809,0.18414329,0.8946078,0.55025053,0.44627154,0.81815964,0.36580837,0.4775464,0.7452162,0.24804601,0.7182736,0.38219193,0.0,0.0,0.0,0.7306806,0.43546608,0.7492272,0.868152,0.56662583,0.5848122,0.99383193,0.6135638,0.12340188,0.0,0.0,0.0,0.0,0.0,0.0,0.0,0.0,0.0,0.0,0.0,0.0,0.0,0.0,0.0,0.0,0.0,0.0,0.0,0.0,0.0,0.49150655,0.14759992,0.9298143,0.5658629,0.14261743,0.8915065,0.4482601,0.22103629,0.903682,0.6089945,0.20513253,0.86560595,0.0,0.0,0.0,0.0,0.0,0.0,0.0,0.0,0.0,0.0,0.0,0.0,0.0,0.0,0.0,0.0,0.0,0.0
2023:03:01:20:18:35,down_150_1t_,7.3458170890808105,143.22772713390972,-1,-1,-1,0.54236805,0.18409057,0.91912305,0.550304,0.44623396,0.8152965,0.36584982,0.47755876,0.7417096,0.25975406,0.70791304,0.38736048,0.0,0.0,0.0,0.7307652,0.4354204,0.75018156,0.8643268,0.56633145,0.5944002,0.9938225,0.6085002,0.16106139,0.0,0.0,0.0,0.0,0.0,0.0,0.0,0.0,0.0,0.0,0.0,0.0,0.0,0.0,0.0,0.0,0.0,0.0,0.0,0.0,0.0,0.5031058,0.14751863,0.91974264,0.57377094,0.14740613,0.9107967,0.45193532,0.22097054,0.91028905,0.6091401,0.20011742,0.8449279,0.0,0.0,0.0,0.0,0.0,0.0,0.0,0.0,0.0,0.0,0.0,0.0,0.0,0.0,0.0,0.0,0.0,0.0
2023:03:01:20:18:35,down_150_1t_,7.407655477523804,143.30361822692262,-1,-1,-1,0.5461799,0.18413801,0.9395628,0.550259,0.44616878,0.81603134,0.36586416,0.4774806,0.7389107,0.2597605,0.7078167,0.384526,0.0,0.0,0.0,0.73068875,0.43545097,0.7377035,0.8681812,0.56631345,0.56561935,0.99382484,0.6082788,0.15818009,0.0,0.0,0.0,0.0,0.0,0.0,0.0,0.0,0.0,0.0,0.0,0.0,0.0,0.0,0.0,0.0,0.0,0.0,0.0,0.0,0.0,0.50696886,0.14748442,0.91796565,0.5775305,0.14259198,0.93350077,0.45194623,0.22091828,0.9020808,0.6091708,0.1949226,0.83235115,0.0,0.0,0.0,0.0,0.0,0.0,0.0,0.0,0.0,0.0,0.0,0.0,0.0,0.0,0.0,0.0,0.0,0.0
2023:03:01:20:18:35,down_150_1t_,7.465504884719849,141.15983955740836,-1,-1,-1,0.546458,0.18408884,0.95565534,0.55015004,0.44610295,0.81509125,0.36586818,0.47751212,0.7325924,0.2597003,0.7078715,0.37293193,0.0,0.0,0.0,0.7268166,0.43029532,0.7069271,0.8680791,0.56133515,0.56162095,0.9938199,0.608547,0.16157824,0.0,0.0,0.0,0.0,0.0,0.0,0.0,0.0,0.0,0.0,0.0,0.0,0.0,0.0,0.0,0.0,0.0,0.0,0.0,0.0,0.0,0.51101136,0.14743674,0.95268106,0.57768387,0.14260933,0.9559701,0.4519701,0.22079931,0.90073967,0.6090823,0.18972881,0.62630093,0.0,0.0,0.0,0.0,0.0,0.0,0.0,0.0,0.0,0.0,0.0,0.0,0.0,0.0,0.0,0.0,0.0,0.0
2023:03:01:20:18:35,down_150_1t_,7.523353338241577,141.18605384495288,-1,-1,-1,0.5502802,0.18415397,0.9536451,0.5501294,0.44607776,0.8148299,0.3659073,0.47750708,0.73231745,0.25975567,0.7026971,0.38122234,0.0,0.0,0.0,0.72678584,0.43031684,0.7064312,0.86425084,0.56122494,0.58657694,0.9938204,0.60851204,0.17109244,0.0,0.0,0.0,0.0,0.0,0.0,0.0,0.0,0.0,0.0,0.0,0.0,0.0,0.0,0.0,0.0,0.0,0.0,0.0,0.0,0.0,0.5147934,0.14745218,0.9532135,0.5778633,0.14255024,0.94826525,0.45204437,0.22082028,0.91143334,0.6091578,0.1790007,0.34588888,0.0,0.0,0.0,0.0,0.0,0.0,0.0,0.0,0.0,0.0,0.0,0.0,0.0,0.0,0.0,0.0,0.0,0.0
2023:03:01:20:18:35,down_150_1t_,7.585191965103149,141.1965759588705,-1,-1,-1,0.55037576,0.18422541,0.9544735,0.55013627,0.44608352,0.8161558,0.3659097,0.47751477,0.7309805,0.2597975,0.70784056,0.37648487,0.0,0.0,0.0,0.7267927,0.4303249,0.70628893,0.8643178,0.5612163,0.57885313,0.9938223,0.60845095,0.17277682,0.0,0.0,0.0,0.0,0.0,0.0,0.0,0.0,0.0,0.0,0.0,0.0,0.0,0.0,0.0,0.0,0.0,0.0,0.0,0.0,0.0,0.51491827,0.1474864,0.97053593,0.5815302,0.14263093,0.95694244,0.45201108,0.22083384,0.9123757,0.61286974,0.18408482,0.36308423,0.0,0.0,0.0,0.0,0.0,0.0,0.0,0.0,0.0,0.0,0.0,0.0,0.0,0.0,0.0,0.0,0.0,0.0
2023:03:01:20:18:35,down_150_1t_,7.647030830383301,141.22602625511453,-1,-1,-1,0.5541058,0.1842205,0.9395372,0.55014765,0.44599107,0.8146427,0.3659094,0.47743058,0.73332566,0.26363552,0.69740164,0.37787578,0.0,0.0,0.0,0.7268405,0.43032876,0.7033331,0.8720971,0.5612501,0.58129066,0.99382645,0.608443,0.13992955,0.0,0.0,0.0,0.0,0.0,0.0,0.0,0.0,0.0,0.0,0.0,0.0,0.0,0.0,0.0,0.0,0.0,0.0,0.0,0.0,0.0,0.5149383,0.14749101,0.9638381,0.58154935,0.14263687,0.9617002,0.452035,0.22091198,0.92592263,0.61284953,0.17888996,0.18476939,0.0,0.0,0.0,0.0,0.0,0.0,0.0,0.0,0.0,0.0,0.0,0.0,0.0,0.0,0.0,0.0,0.0,0.0
2023:03:01:20:18:35,down_150_1t_,7.703916788101196,141.24301371057783,-1,-1,-1,0.5541911,0.18425699,0.9330449,0.5500881,0.44603863,0.8171467,0.365849,0.47746566,0.7378,0.26361713,0.69740444,0.37592396,0.0,0.0,0.0,0.72675014,0.43032426,0.7011651,0.86822635,0.5611542,0.5804998,0.99382645,0.6082657,0.16189337,0.0,0.0,0.0,0.0,0.0,0.0,0.0,0.0,0.0,0.0,0.0,0.0,0.0,0.0,0.0,0.0,0.0,0.0,0.0,0.0,0.0,0.5149977,0.14745107,0.9638329,0.5816036,0.1426355,0.9630873,0.4519877,0.22089328,0.9183812,0.6128653,0.16851322,0.13214006,0.0,0.0,0.0,0.0,0.0,0.0,0.0,0.0,0.0,0.0,0.0,0.0,0.0,0.0,0.0,0.0,0.0,0.0
2023:03:01:20:18:36,down_150_1t_,7.761730909347534,143.1384334127718,-1,-1,-1,0.5541399,0.18425915,0.9404354,0.5501105,0.44110352,0.81873393,0.36590922,0.4773553,0.7328914,0.25982687,0.69734514,0.36705709,0.0,0.0,0.0,0.72287285,0.43032008,0.6949741,0.8681232,0.56115645,0.56928796,0.9938253,0.6082344,0.16822693,0.0,0.0,0.0,0.0,0.0,0.0,0.0,0.0,0.0,0.0,0.0,0.0,0.0,0.0,0.0,0.0,0.0,0.0,0.0,0.0,0.0,0.5150027,0.14749783,0.9657572,0.5815756,0.14744279,0.9602111,0.45200482,0.22093317,0.9245488,0.61283344,0.17376935,0.13179715,0.0,0.0,0.0,0.0,0.0,0.0,0.0,0.0,0.0,0.0,0.0,0.0,0.0,0.0,0.0,0.0,0.0,0.0
2023:03:01:20:18:36,down_150_1t_,7.8235695362091064,144.16310792050734,-1,-1,-1,0.5541024,0.18430713,0.943082,0.5501163,0.4410963,0.8209393,0.36591643,0.47735593,0.7351641,0.26377675,0.69222564,0.39564353,0.0,0.0,0.0,0.7190557,0.43032712,0.69759095,0.8682204,0.5612147,0.5592583,0.9938276,0.6032896,0.15422156,0.0,0.0,0.0,0.0,0.0,0.0,0.0,0.0,0.0,0.0,0.0,0.0,0.0,0.0,0.0,0.0,0.0,0.0,0.0,0.0,0.0,0.5149758,0.14753942,0.9679772,0.58153445,0.14746076,0.9598462,0.45199603,0.22097124,0.9266554,0.6092736,0.17897859,0.16404557,0.0,0.0,0.0,0.0,0.0,0.0,0.0,0.0,0.0,0.0,0.0,0.0,0.0,0.0,0.0,0.0,0.0,0.0
2023:03:01:20:18:36,down_150_1t_,7.887402534484863,143.1420824715534,-1,-1,-1,0.5540962,0.18430513,0.93956554,0.5501333,0.44109625,0.8217984,0.36964375,0.47732815,0.73319733,0.26380232,0.6921523,0.38988987,0.0,0.0,0.0,0.7228873,0.43032134,0.69651365,0.87204874,0.5613214,0.57132673,0.99383104,0.60822314,0.13440344,0.0,0.0,0.0,0.0,0.0,0.0,0.0,0.0,0.0,0.0,0.0,0.0,0.0,0.0,0.0,0.0,0.0,0.0,0.0,0.0,0.0,0.51497436,0.14759721,0.9741027,0.58150876,0.14747645,0.96119887,0.45197096,0.22585598,0.9340104,0.6092595,0.17897406,0.1554033,0.0,0.0,0.0,0.0,0.0,0.0,0.0,0.0,0.0,0.0,0.0,0.0,0.0,0.0,0.0,0.0,0.0,0.0
2023:03:01:20:18:36,down_150_1t_,7.945251941680908,143.12252523813356,-1,-1,-1,0.5504143,0.18432121,0.95007646,0.55012435,0.4411115,0.8217557,0.3696436,0.47733042,0.7343317,0.2637985,0.69221973,0.38366097,0.0,0.0,0.0,0.72287005,0.43034276,0.69907194,0.86818266,0.5612541,0.58877456,0.99382854,0.6083993,0.1390783,0.0,0.0,0.0,0.0,0.0,0.0,0.0,0.0,0.0,0.0,0.0,0.0,0.0,0.0,0.0,0.0,0.0,0.0,0.0,0.0,0.0,0.5149398,0.14758399,0.9753358,0.5814911,0.14748144,0.9644301,0.45198563,0.22104324,0.93314207,0.6128427,0.17894585,0.114975184,0.0,0.0,0.0,0.0,0.0,0.0,0.0,0.0,0.0,0.0,0.0,0.0,0.0,0.0,0.0,0.0,0.0,0.0
2023:03:01:20:18:36,down_150_1t_,8.003100633621216,141.55021946815432,-1,-1,-1,0.5504211,0.18433933,0.9486954,0.5501167,0.44602564,0.823837,0.36964363,0.47731498,0.733156,0.25985178,0.6922265,0.3817148,0.0,0.0,0.0,0.7228626,0.4304568,0.7075277,0.86817896,0.5611967,0.58868283,0.9938282,0.608447,0.13359542,0.0,0.0,0.0,0.0,0.0,0.0,0.0,0.0,0.0,0.0,0.0,0.0,0.0,0.0,0.0,0.0,0.0,0.0,0.0,0.0,0.0,0.51494914,0.14760451,0.9708823,0.58149296,0.14753716,0.96355283,0.45199975,0.22103296,0.9293412,0.60926455,0.17900263,0.10175193,0.0,0.0,0.0,0.0,0.0,0.0,0.0,0.0,0.0,0.0,0.0,0.0,0.0,0.0,0.0,0.0,0.0,0.0
2023:03:01:20:18:36,down_150_1t_,8.064939022064209,143.1155538751979,-1,-1,-1,0.5504101,0.18437392,0.947953,0.55012095,0.4461259,0.8206948,0.3696566,0.4773379,0.73183537,0.25978726,0.69735765,0.39211485,0.0,0.0,0.0,0.7229135,0.43538335,0.7132693,0.8681053,0.5612453,0.561683,0.9938234,0.61352026,0.16878338,0.0,0.0,0.0,0.0,0.0,0.0,0.0,0.0,0.0,0.0,0.0,0.0,0.0,0.0,0.0,0.0,0.0,0.0,0.0,0.0,0.0,0.5149571,0.14761887,0.9710402,0.58149236,0.14754768,0.96354365,0.4519865,0.22101605,0.9250498,0.60927635,0.17895189,0.11074202,0.0,0.0,0.0,0.0,0.0,0.0,0.0,0.0,0.0,0.0,0.0,0.0,0.0,0.0,0.0,0.0,0.0,0.0
2023:03:01:20:18:36,down_150_1t_,8.128772497177124,143.83408615348912,-1,-1,-1,0.55043,0.18439679,0.9444343,0.5501674,0.44610485,0.8254392,0.36968878,0.47738138,0.73089516,0.25971314,0.6973947,0.4044584,0.0,0.0,0.0,0.7229331,0.43534014,0.71452665,0.8680777,0.5612038,0.5552763,0.99382204,0.60858434,0.16517718,0.0,0.0,0.0,0.0,0.0,0.0,0.0,0.0,0.0,0.0,0.0,0.0,0.0,0.0,0.0,0.0,0.0,0.0,0.0,0.0,0.0,0.5149892,0.1476523,0.97093725,0.5814567,0.14751592,0.9648692,0.45199102,0.22101943,0.9225184,0.60927075,0.17378324,0.12963161,0.0,0.0,0.0,0.0,0.0,0.0,0.0,0.0,0.0,0.0,0.0,0.0,0.0,0.0,0.0,0.0,0.0,0.0
2023:03:01:20:18:36,down_150_1t_,8.186621189117432,143.84957993308106,-1,-1,-1,0.5504431,0.18440811,0.9402971,0.5501637,0.44612664,0.82270825,0.36968774,0.4773993,0.7321426,0.2519964,0.702609,0.38486576,0.0,0.0,0.0,0.72296745,0.43535075,0.71528095,0.86811143,0.5611759,0.55725133,0.9938233,0.60845125,0.18466549,0.0,0.0,0.0,0.0,0.0,0.0,0.0,0.0,0.0,0.0,0.0,0.0,0.0,0.0,0.0,0.0,0.0,0.0,0.0,0.0,0.0,0.51499367,0.14765766,0.9714731,0.5778901,0.14749213,0.9633137,0.45197773,0.22098912,0.91751575,0.6092372,0.17374475,0.14361562,0.0,0.0,0.0,0.0,0.0,0.0,0.0,0.0,0.0,0.0,0.0,0.0,0.0,0.0,0.0,0.0,0.0,0.0
2023:03:01:20:18:36,down_150_1t_,8.246464490890503,143.5521330694811,-1,-1,-1,0.5504193,0.18446404,0.9429995,0.55016977,0.44612888,0.81968296,0.36967012,0.47742334,0.7360196,0.25588423,0.70785016,0.37823313,0.0,0.0,0.0,0.72679025,0.43539488,0.7217547,0.8680804,0.5612642,0.5577314,0.9938236,0.60860986,0.18287274,0.0,0.0,0.0,0.0,0.0,0.0,0.0,0.0,0.0,0.0,0.0,0.0,0.0,0.0,0.0,0.0,0.0,0.0,0.0,0.0,0.0,0.51500154,0.14769635,0.9693397,0.5778713,0.14752473,0.9584581,0.45198563,0.22099406,0.9199861,0.60919386,0.17897163,0.26459682,0.0,0.0,0.0,0.0,0.0,0.0,0.0,0.0,0.0,0.0,0.0,0.0,0.0,0.0,0.0,0.0,0.0,0.0
2023:03:01:20:18:36,down_150_1t_,8.308302879333496,143.6038689953956,-1,-1,-1,0.5504233,0.18447357,0.94229096,0.550179,0.44615364,0.81774133,0.36965257,0.47742966,0.73899555,0.25589696,0.70269406,0.39611644,0.0,0.0,0.0,0.72679347,0.43542033,0.7294082,0.8681156,0.5612672,0.60046124,0.9938279,0.6082943,0.15906449,0.0,0.0,0.0,0.0,0.0,0.0,0.0,0.0,0.0,0.0,0.0,0.0,0.0,0.0,0.0,0.0,0.0,0.0,0.0,0.0,0.0,0.5150083,0.14769559,0.9697748,0.5814489,0.14751044,0.9570732,0.4520096,0.22100884,0.92620647,0.60917115,0.17897217,0.29005703,0.0,0.0,0.0,0.0,0.0,0.0,0.0,0.0,0.0,0.0,0.0,0.0,0.0,0.0,0.0,0.0,0.0,0.0
2023:03:01:20:18:36,down_150_1t_,8.37213659286499,143.5911772260477,-1,-1,-1,0.55042565,0.18453023,0.9403623,0.55015117,0.44618914,0.8218162,0.36965856,0.47742915,0.74143326,0.25196835,0.70783466,0.39938968,0.0,0.0,0.0,0.72679514,0.43544918,0.7295017,0.8680884,0.5613409,0.6078461,0.993831,0.60839766,0.14260991,0.0,0.0,0.0,0.0,0.0,0.0,0.0,0.0,0.0,0.0,0.0,0.0,0.0,0.0,0.0,0.0,0.0,0.0,0.0,0.0,0.0,0.5150307,0.147746,0.96574265,0.5778836,0.14752153,0.9570447,0.45202646,0.22100145,0.92557883,0.6091481,0.17891331,0.3063228,0.0,0.0,0.0,0.0,0.0,0.0,0.0,0.0,0.0,0.0,0.0,0.0,0.0,0.0,0.0,0.0,0.0,0.0
